player,nationality,position,squad,age,birth_year,games,games_starts,minutes,goals,assists,pens_made,pens_att,cards_yellow,cards_red,goals_per90,assists_per90,goals_assists_per90,goals_pens_per90,goals_assists_pens_per90,minutes_90s,shots_total,shots_on_target,shots_on_target_pct,shots_total_per90,shots_on_target_per90,goals_per_shot,goals_per_shot_on_target,cards_yellow_red,fouls,fouled,offsides,crosses,interceptions,tackles_won,pens_won,pens_conceded,own_goals
Issah Abbas,gh GHA,FW,Twente,22-157,1998,6.0,0.0,84.0,0.0,0.0,0.0,0.0,1.0,0.0,0.0,0.0,0.0,0.0,0.0,0.9,3.0,1.0,33.3,3.21,1.07,0.0,0.0,0.0,2.0,1.0,1.0,5.0,0.0,2.0,0.0,0.0,0.0
Dirk Abels,nl NED,DF,Sparta R'dam,23-262,1997,20.0,17.0,1517.0,1.0,2.0,0.0,0.0,2.0,0.0,0.06,0.12,0.18,0.06,0.18,16.9,5.0,1.0,20.0,0.3,0.06,0.2,1.0,0.0,9.0,16.0,0.0,32.0,39.0,17.0,0.0,0.0,0.0
Nassim El Ablak,nl NED,MF,Fortuna Sittard,21-054,2000,2.0,0.0,16.0,0.0,0.0,0.0,0.0,0.0,0.0,0.0,0.0,0.0,0.0,0.0,0.2,0.0,0.0,0.0,0.0,0.0,0.0,0.0,0.0,1.0,0.0,0.0,0.0,0.0,0.0,0.0,0.0,0.0
Zakaria Aboukhlal,ma MAR,"FW,MF",AZ Alkmaar,21-012,2000,18.0,4.0,594.0,4.0,0.0,0.0,0.0,1.0,0.0,0.61,0.0,0.61,0.61,0.61,6.6,26.0,7.0,26.9,3.94,1.06,0.15,0.57,0.0,15.0,12.0,3.0,7.0,3.0,6.0,0.0,0.0,1.0
Paulos Abraham,se SWE,FW,Groningen,18-229,2002,4.0,0.0,120.0,1.0,0.0,0.0,0.0,0.0,0.0,0.75,0.0,0.75,0.75,0.75,1.3,4.0,1.0,25.0,3.0,0.75,0.25,1.0,0.0,2.0,5.0,2.0,0.0,0.0,1.0,0.0,0.0,0.0
Bobby Adekanye,nl NED,"FW,MF",ADO Den Haag,22-016,1999,5.0,5.0,318.0,1.0,0.0,0.0,0.0,0.0,0.0,0.28,0.0,0.28,0.28,0.28,3.5,3.0,2.0,66.7,0.85,0.57,0.33,0.5,0.0,3.0,10.0,0.0,1.0,1.0,5.0,0.0,0.0,0.0
Luka Adžić,rs SRB,MF,Emmen,22-166,1998,2.0,2.0,145.0,1.0,0.0,0.0,0.0,0.0,0.0,0.62,0.0,0.62,0.62,0.62,1.6,6.0,2.0,33.3,3.72,1.24,0.17,0.5,0.0,4.0,3.0,0.0,6.0,1.0,2.0,0.0,0.0,0.0
Rohat Agca,nl NED,MF,Heracles Almelo,19-180,2001,3.0,0.0,39.0,0.0,0.0,0.0,0.0,0.0,0.0,0.0,0.0,0.0,0.0,0.0,0.4,1.0,0.0,0.0,2.31,0.0,0.0,0.0,0.0,0.0,0.0,0.0,0.0,0.0,1.0,0.0,0.0,0.0
Hamdi Akujobi,nl NED,DF,Heerenveen,21-041,2000,5.0,2.0,249.0,0.0,0.0,0.0,0.0,0.0,0.0,0.0,0.0,0.0,0.0,0.0,2.8,1.0,1.0,100.0,0.36,0.36,0.0,0.0,0.0,4.0,4.0,0.0,6.0,8.0,4.0,0.0,0.0,0.0
Edson Álvarez,mx MEX,MF,Ajax,23-129,1997,15.0,9.0,824.0,0.0,2.0,0.0,0.0,1.0,1.0,0.0,0.22,0.22,0.0,0.22,9.2,14.0,5.0,35.7,1.53,0.55,0.0,0.0,0.0,18.0,3.0,2.0,1.0,22.0,18.0,0.0,0.0,0.0
Mohamed Amissi,bi BDI,FW,Heracles Almelo,20-211,2000,1.0,0.0,34.0,0.0,0.0,0.0,0.0,0.0,0.0,0.0,0.0,0.0,0.0,0.0,0.4,0.0,0.0,0.0,0.0,0.0,0.0,0.0,0.0,0.0,0.0,0.0,0.0,0.0,0.0,0.0,0.0,0.0
Jamal Amofa,nl NED,DF,ADO Den Haag,22-097,1998,4.0,3.0,278.0,0.0,0.0,0.0,0.0,1.0,0.0,0.0,0.0,0.0,0.0,0.0,3.1,0.0,0.0,0.0,0.0,0.0,0.0,0.0,0.0,3.0,0.0,0.0,1.0,4.0,5.0,0.0,0.0,0.0
Martin Angha,ch SUI,DF,Fortuna Sittard,27-039,1994,23.0,22.0,1954.0,0.0,0.0,0.0,0.0,4.0,0.0,0.0,0.0,0.0,0.0,0.0,21.7,8.0,2.0,25.0,0.37,0.09,0.0,0.0,0.0,23.0,20.0,2.0,14.0,28.0,24.0,0.0,0.0,0.0
Vurnon Anita,nl NED,MF,RKC Waalwijk,31-332,1989,20.0,20.0,1770.0,0.0,2.0,0.0,0.0,6.0,0.0,0.0,0.1,0.1,0.0,0.1,19.7,8.0,1.0,12.5,0.41,0.05,0.0,0.0,0.0,29.0,7.0,0.0,5.0,37.0,26.0,0.0,0.0,0.0
Jeremy Antonisse,nl NED,FW,PSV Eindhoven,18-338,2002,1.0,0.0,1.0,0.0,0.0,0.0,0.0,0.0,0.0,0.0,0.0,0.0,0.0,0.0,0.0,0.0,0.0,0.0,0.0,0.0,0.0,0.0,0.0,0.0,0.0,0.0,0.0,0.0,0.0,0.0,0.0,0.0
Antony,br BRA,"FW,MF",Ajax,21-006,2000,22.0,19.0,1349.0,8.0,8.0,0.0,0.0,1.0,0.0,0.53,0.53,1.07,0.53,1.07,15.0,49.0,20.0,40.8,3.27,1.33,0.16,0.4,0.0,10.0,16.0,2.0,74.0,4.0,10.0,0.0,0.0,0.0
Miguel Araujo,pe PER,DF,Emmen,26-129,1994,23.0,23.0,2062.0,4.0,0.0,0.0,0.0,3.0,0.0,0.17,0.0,0.17,0.17,0.17,22.9,20.0,12.0,60.0,0.87,0.52,0.2,0.33,0.0,12.0,7.0,0.0,4.0,44.0,32.0,0.0,0.0,0.0
Jafar Arias,cw CUW,FW,VVV-Venlo,25-259,1995,19.0,7.0,794.0,4.0,0.0,0.0,0.0,0.0,0.0,0.45,0.0,0.45,0.45,0.45,8.8,12.0,5.0,41.7,1.36,0.57,0.33,0.8,0.0,17.0,14.0,3.0,0.0,3.0,5.0,0.0,0.0,0.0
Jonas Arweiler,de GER,FW,ADO Den Haag,23-326,1997,16.0,6.0,658.0,1.0,1.0,0.0,0.0,0.0,0.0,0.14,0.14,0.27,0.14,0.27,7.3,9.0,2.0,22.2,1.23,0.27,0.11,0.5,0.0,5.0,10.0,2.0,1.0,0.0,1.0,0.0,0.0,0.0
Daniel Arzani,au AUS,MF,Utrecht,22-057,1999,4.0,0.0,62.0,0.0,1.0,0.0,0.0,0.0,0.0,0.0,1.45,1.45,0.0,1.45,0.7,5.0,1.0,20.0,7.26,1.45,0.0,0.0,0.0,0.0,5.0,0.0,3.0,1.0,1.0,0.0,0.0,0.0
Adil Auassar,nl NED,MF,Sparta R'dam,34-147,1986,21.0,21.0,1761.0,0.0,1.0,0.0,0.0,4.0,1.0,0.0,0.05,0.05,0.0,0.05,19.6,20.0,2.0,10.0,1.02,0.1,0.0,0.0,0.0,31.0,28.0,2.0,9.0,41.0,31.0,0.0,0.0,0.0
Sebbe Augustijns,be BEL,MF,RKC Waalwijk,21-180,1999,2.0,0.0,15.0,0.0,0.0,0.0,0.0,0.0,0.0,0.0,0.0,0.0,0.0,0.0,0.2,0.0,0.0,0.0,0.0,0.0,0.0,0.0,0.0,0.0,1.0,0.0,0.0,1.0,0.0,0.0,0.0,0.0
Donis Avdijaj,xk KVX,MF,Emmen,24-189,1996,8.0,1.0,250.0,0.0,0.0,0.0,0.0,0.0,0.0,0.0,0.0,0.0,0.0,0.0,2.8,5.0,1.0,20.0,1.8,0.36,0.0,0.0,0.0,7.0,5.0,2.0,2.0,2.0,2.0,0.0,0.0,0.0
Marouan Azarkan,nl NED,FW,Feyenoord,19-084,2001,1.0,0.0,10.0,0.0,0.0,0.0,0.0,0.0,0.0,0.0,0.0,0.0,0.0,0.0,0.1,1.0,1.0,100.0,9.0,9.0,0.0,0.0,0.0,0.0,2.0,0.0,0.0,0.0,1.0,0.0,0.0,0.0
Ayman Azhil,ma MAR,MF,RKC Waalwijk,19-326,2001,16.0,6.0,755.0,0.0,1.0,0.0,0.0,1.0,0.0,0.0,0.12,0.12,0.0,0.12,8.4,8.0,2.0,25.0,0.95,0.24,0.0,0.0,0.0,23.0,8.0,0.0,3.0,6.0,7.0,0.0,0.0,0.0
Ismail Azzaoui,be BEL,"MF,FW",Heracles Almelo,23-055,1998,10.0,6.0,549.0,1.0,1.0,0.0,0.0,0.0,0.0,0.16,0.16,0.33,0.16,0.33,6.1,7.0,2.0,28.6,1.15,0.33,0.14,0.5,0.0,10.0,17.0,1.0,10.0,7.0,10.0,0.0,0.0,0.0
Destan Bajselmani,nl NED,DF,Zwolle,21-354,1999,3.0,2.0,183.0,0.0,0.0,0.0,0.0,1.0,0.0,0.0,0.0,0.0,0.0,0.0,2.0,3.0,0.0,0.0,1.48,0.0,0.0,0.0,0.0,6.0,2.0,0.0,5.0,5.0,0.0,0.0,0.0,0.0
Saïd Bakari,km COM,DF,RKC Waalwijk,26-161,1994,22.0,22.0,1957.0,1.0,0.0,0.0,0.0,1.0,0.0,0.05,0.0,0.05,0.05,0.05,21.7,8.0,3.0,37.5,0.37,0.14,0.13,0.33,0.0,19.0,7.0,0.0,83.0,49.0,32.0,0.0,0.0,0.0
Sinan Bakış,tr TUR,FW,Heracles Almelo,26-314,1994,17.0,12.0,984.0,3.0,0.0,0.0,0.0,5.0,1.0,0.27,0.0,0.27,0.27,0.27,10.9,22.0,10.0,45.5,2.01,0.91,0.14,0.3,1.0,21.0,14.0,9.0,1.0,4.0,5.0,0.0,0.0,0.0
Nick Bakker,nl NED,DF,Emmen,28-224,1992,20.0,16.0,1468.0,0.0,0.0,0.0,0.0,3.0,0.0,0.0,0.0,0.0,0.0,0.0,16.3,1.0,0.0,0.0,0.06,0.0,0.0,0.0,0.0,17.0,2.0,1.0,0.0,17.0,8.0,0.0,0.0,0.0
Remco Balk,nl NED,"FW,MF",Groningen,20-000,2001,11.0,3.0,290.0,1.0,0.0,0.0,0.0,2.0,0.0,0.31,0.0,0.31,0.31,0.31,3.2,10.0,4.0,40.0,3.1,1.24,0.1,0.25,0.0,8.0,7.0,2.0,1.0,0.0,3.0,0.0,0.0,0.0
Remco Balk,nl NED,FW,Utrecht,20-000,2001,2.0,0.0,16.0,0.0,0.0,0.0,0.0,1.0,0.0,0.0,0.0,0.0,0.0,0.0,0.2,0.0,0.0,0.0,0.0,0.0,0.0,0.0,0.0,1.0,0.0,0.0,1.0,0.0,0.0,0.0,0.0,0.0
Naoufal Bannis,nl NED,FW,Feyenoord,18-356,2002,6.0,0.0,79.0,1.0,0.0,0.0,0.0,1.0,0.0,1.14,0.0,1.14,1.14,1.14,0.9,4.0,1.0,25.0,4.56,1.14,0.25,1.0,0.0,5.0,1.0,1.0,0.0,0.0,0.0,0.0,0.0,0.0
Aaron Bastiaans,nl NED,FW,VVV-Venlo,18-332,2002,1.0,0.0,23.0,0.0,0.0,0.0,0.0,0.0,0.0,0.0,0.0,0.0,0.0,0.0,0.3,0.0,0.0,0.0,0.0,0.0,0.0,0.0,0.0,0.0,0.0,0.0,0.0,1.0,0.0,0.0,0.0,0.0
Oliver Batista-Meier,de GER,"MF,FW",Heerenveen,20-014,2001,15.0,10.0,689.0,1.0,1.0,0.0,0.0,1.0,0.0,0.13,0.13,0.26,0.13,0.26,7.7,6.0,2.0,33.3,0.78,0.26,0.17,0.5,0.0,7.0,14.0,3.0,3.0,4.0,5.0,0.0,0.0,0.0
Timo Baumgartl,de GER,DF,PSV Eindhoven,24-363,1996,8.0,6.0,553.0,0.0,0.0,0.0,0.0,0.0,0.0,0.0,0.0,0.0,0.0,0.0,6.1,3.0,0.0,0.0,0.49,0.0,0.0,0.0,0.0,8.0,3.0,0.0,0.0,8.0,0.0,0.0,0.0,0.0
Riechedly Bazoer,nl NED,DF,Vitesse,24-141,1996,22.0,22.0,1857.0,4.0,1.0,0.0,0.0,4.0,1.0,0.19,0.05,0.24,0.19,0.24,20.6,28.0,11.0,39.3,1.36,0.53,0.14,0.36,0.0,20.0,64.0,1.0,37.0,28.0,19.0,0.0,0.0,0.0
Sven van Beek,nl NED,DF,Willem II,26-217,1994,4.0,3.0,240.0,0.0,0.0,0.0,0.0,0.0,0.0,0.0,0.0,0.0,0.0,0.0,2.7,1.0,0.0,0.0,0.37,0.0,0.0,0.0,0.0,3.0,0.0,0.0,0.0,7.0,2.0,0.0,0.0,0.0
Mike van Beijnen,nl NED,DF,Fortuna Sittard,21-360,1999,3.0,0.0,21.0,0.0,0.0,0.0,0.0,0.0,0.0,0.0,0.0,0.0,0.0,0.0,0.2,0.0,0.0,0.0,0.0,0.0,0.0,0.0,0.0,0.0,0.0,0.0,0.0,1.0,0.0,0.0,0.0,0.0
Hilal Ben Moussa,nl NED,MF,Emmen,28-284,1992,16.0,11.0,906.0,0.0,0.0,0.0,0.0,1.0,0.0,0.0,0.0,0.0,0.0,0.0,10.1,2.0,0.0,0.0,0.2,0.0,0.0,0.0,0.0,7.0,4.0,1.0,6.0,22.0,12.0,0.0,0.0,0.0
Benaissa Benamar,ma MAR,DF,Utrecht,23-328,1997,2.0,1.0,98.0,0.0,0.0,0.0,0.0,0.0,0.0,0.0,0.0,0.0,0.0,0.0,1.1,1.0,1.0,100.0,0.92,0.92,0.0,0.0,0.0,2.0,1.0,0.0,0.0,3.0,0.0,0.0,0.0,0.0
Mitchell van Bergen,nl NED,"FW,MF",Heerenveen,21-187,1999,22.0,22.0,1853.0,3.0,1.0,0.0,0.0,1.0,0.0,0.15,0.05,0.19,0.15,0.19,20.6,37.0,17.0,45.9,1.8,0.83,0.08,0.18,0.0,10.0,14.0,9.0,76.0,12.0,17.0,0.0,0.0,0.0
Steven Berghuis,nl NED,FW,Feyenoord,29-073,1991,23.0,22.0,1947.0,13.0,8.0,8.0,9.0,3.0,0.0,0.6,0.37,0.97,0.23,0.6,21.6,80.0,33.0,41.3,3.7,1.53,0.06,0.15,0.0,14.0,21.0,2.0,150.0,10.0,13.0,0.0,0.0,0.0
Emil Bergström,se SWE,DF,Utrecht,27-287,1993,4.0,3.0,272.0,0.0,0.0,0.0,0.0,0.0,0.0,0.0,0.0,0.0,0.0,0.0,3.0,3.0,1.0,33.3,0.99,0.33,0.0,0.0,0.0,3.0,0.0,1.0,0.0,3.0,2.0,0.0,0.0,0.0
Lucas Bernadou,fr FRA,"MF,FW",Emmen,20-159,2000,11.0,6.0,564.0,1.0,0.0,0.0,0.0,1.0,1.0,0.16,0.0,0.16,0.16,0.16,6.3,5.0,1.0,20.0,0.8,0.16,0.2,1.0,0.0,6.0,5.0,0.0,4.0,15.0,10.0,0.0,0.0,0.0
Matúš Bero,sk SVK,MF,Vitesse,25-177,1995,19.0,18.0,1564.0,2.0,5.0,0.0,0.0,4.0,0.0,0.12,0.29,0.4,0.12,0.4,17.4,35.0,11.0,31.4,2.01,0.63,0.06,0.18,0.0,45.0,15.0,1.0,6.0,21.0,18.0,0.0,0.0,0.0
Vicente Besuijen,nl NED,"FW,MF",ADO Den Haag,19-326,2001,21.0,15.0,1344.0,1.0,1.0,0.0,0.0,3.0,0.0,0.07,0.07,0.13,0.07,0.13,14.9,16.0,6.0,37.5,1.07,0.4,0.06,0.17,0.0,13.0,30.0,4.0,22.0,13.0,8.0,0.0,0.0,0.0
Tom Beugelsdijk,nl NED,DF,Sparta R'dam,30-207,1990,20.0,13.0,1207.0,0.0,0.0,0.0,0.0,2.0,0.0,0.0,0.0,0.0,0.0,0.0,13.4,6.0,3.0,50.0,0.45,0.22,0.0,0.0,0.0,13.0,8.0,0.0,2.0,26.0,14.0,0.0,0.0,0.0
Peet Bijen,nl NED,DF,ADO Den Haag,26-033,1995,6.0,6.0,540.0,0.0,0.0,0.0,0.0,0.0,0.0,0.0,0.0,0.0,0.0,0.0,6.0,4.0,1.0,25.0,0.67,0.17,0.0,0.0,0.0,3.0,2.0,0.0,0.0,6.0,2.0,0.0,0.0,0.0
Glenn Bijl,nl NED,"DF,MF",Emmen,25-232,1995,20.0,20.0,1670.0,0.0,2.0,0.0,0.0,3.0,1.0,0.0,0.11,0.11,0.0,0.11,18.6,31.0,6.0,19.4,1.67,0.32,0.0,0.0,0.0,33.0,21.0,2.0,80.0,26.0,34.0,0.0,0.0,0.0
Teun Bijleveld,nl NED,MF,Heracles Almelo,22-279,1998,18.0,11.0,1022.0,0.0,1.0,0.0,0.0,4.0,0.0,0.0,0.09,0.09,0.0,0.09,11.4,12.0,3.0,25.0,1.06,0.26,0.0,0.0,0.0,12.0,21.0,3.0,38.0,19.0,18.0,0.0,0.0,0.0
Justin Bijlow,nl NED,GK,Feyenoord,23-039,1998,8.0,8.0,720.0,0.0,0.0,0.0,0.0,0.0,0.0,0.0,0.0,0.0,0.0,0.0,8.0,0.0,0.0,0.0,0.0,0.0,0.0,0.0,0.0,1.0,0.0,0.0,0.0,1.0,0.0,0.0,0.0,0.0
Marco Bizot,nl NED,GK,AZ Alkmaar,29-357,1991,23.0,23.0,2064.0,0.0,0.0,0.0,0.0,2.0,1.0,0.0,0.0,0.0,0.0,0.0,22.9,0.0,0.0,0.0,0.0,0.0,0.0,0.0,1.0,2.0,1.0,0.0,0.0,1.0,0.0,0.0,0.0,0.0
Janis Blaswich,de GER,GK,Heracles Almelo,29-304,1991,16.0,16.0,1426.0,0.0,0.0,0.0,0.0,0.0,0.0,0.0,0.0,0.0,0.0,0.0,15.8,0.0,0.0,0.0,0.0,0.0,0.0,0.0,0.0,0.0,1.0,0.0,0.0,1.0,0.0,0.0,0.0,0.0
Daley Blind,nl NED,DF,Ajax,30-358,1990,22.0,22.0,1868.0,1.0,1.0,0.0,0.0,3.0,0.0,0.05,0.05,0.1,0.05,0.1,20.8,15.0,4.0,26.7,0.72,0.19,0.07,0.25,0.0,15.0,10.0,1.0,26.0,37.0,17.0,0.0,0.0,0.0
Myron Boadu,nl NED,FW,AZ Alkmaar,20-047,2001,22.0,20.0,1788.0,11.0,1.0,0.0,0.0,1.0,0.0,0.55,0.05,0.6,0.55,0.6,19.9,35.0,18.0,51.4,1.76,0.91,0.31,0.61,0.0,23.0,27.0,19.0,6.0,4.0,5.0,0.0,0.0,0.0
Paweł Bochniewicz,pl POL,DF,Heerenveen,25-031,1996,23.0,23.0,2067.0,2.0,0.0,0.0,0.0,0.0,1.0,0.09,0.0,0.09,0.09,0.09,23.0,9.0,4.0,44.4,0.39,0.17,0.22,0.5,0.0,22.0,14.0,0.0,2.0,56.0,27.0,0.0,0.0,0.0
Olivier Boscagli,fr FRA,DF,PSV Eindhoven,23-104,1997,22.0,21.0,1903.0,2.0,0.0,0.0,0.0,1.0,0.0,0.09,0.0,0.09,0.09,0.09,21.1,15.0,7.0,46.7,0.71,0.33,0.13,0.29,0.0,18.0,24.0,0.0,6.0,70.0,17.0,0.0,0.0,0.0
Jesse Bosch,nl NED,MF,Twente,21-029,2000,23.0,17.0,1529.0,1.0,0.0,0.0,0.0,3.0,0.0,0.06,0.0,0.06,0.06,0.06,17.0,21.0,7.0,33.3,1.24,0.41,0.05,0.14,0.0,29.0,25.0,0.0,4.0,22.0,24.0,0.0,0.0,0.0
Eric Botteghin,br BRA,DF,Feyenoord,33-183,1987,13.0,8.0,800.0,0.0,0.0,0.0,0.0,1.0,0.0,0.0,0.0,0.0,0.0,0.0,8.9,7.0,2.0,28.6,0.79,0.23,0.0,0.0,0.0,12.0,1.0,1.0,0.0,25.0,13.0,0.0,0.0,0.0
Samy Bourard,be BEL,"MF,FW",ADO Den Haag,24-338,1996,17.0,10.0,924.0,3.0,1.0,0.0,0.0,3.0,0.0,0.29,0.1,0.39,0.29,0.39,10.3,18.0,5.0,27.8,1.75,0.49,0.17,0.6,0.0,21.0,23.0,1.0,13.0,9.0,7.0,0.0,0.0,0.0
Othman Boussaid,be BEL,"MF,FW",Utrecht,20-360,2000,15.0,7.0,604.0,1.0,1.0,0.0,0.0,1.0,0.0,0.15,0.15,0.3,0.15,0.3,6.7,12.0,6.0,50.0,1.79,0.89,0.08,0.17,0.0,4.0,7.0,0.0,13.0,13.0,8.0,0.0,0.0,0.0
Róbert Boženík,sk SVK,FW,Feyenoord,21-104,1999,7.0,1.0,145.0,0.0,0.0,0.0,0.0,0.0,0.0,0.0,0.0,0.0,0.0,0.0,1.6,7.0,1.0,14.3,4.34,0.62,0.0,0.0,0.0,4.0,5.0,3.0,0.0,0.0,3.0,0.0,0.0,0.0
Wout Brama,nl NED,MF,Twente,34-193,1986,14.0,13.0,1180.0,1.0,1.0,0.0,0.0,0.0,0.0,0.08,0.08,0.15,0.08,0.15,13.1,7.0,1.0,14.3,0.53,0.08,0.14,1.0,0.0,19.0,10.0,0.0,7.0,25.0,12.0,0.0,0.0,0.0
Tim Breukers,nl NED,DF,Heracles Almelo,33-118,1987,23.0,21.0,1833.0,0.0,0.0,0.0,0.0,2.0,0.0,0.0,0.0,0.0,0.0,0.0,20.4,9.0,1.0,11.1,0.44,0.05,0.0,0.0,0.0,23.0,12.0,1.0,18.0,37.0,29.0,0.0,0.0,0.0
Brian Brobbey,nl NED,FW,Ajax,19-029,2002,7.0,0.0,116.0,2.0,1.0,0.0,0.0,0.0,0.0,1.55,0.78,2.33,1.55,2.33,1.3,8.0,3.0,37.5,6.21,2.33,0.25,0.67,0.0,2.0,2.0,3.0,0.0,1.0,1.0,0.0,0.0,0.0
Armando Broja,al ALB,FW,Vitesse,19-173,2001,20.0,13.0,1141.0,9.0,2.0,0.0,0.0,1.0,0.0,0.71,0.16,0.87,0.71,0.87,12.7,24.0,14.0,58.3,1.89,1.1,0.38,0.64,0.0,20.0,12.0,11.0,8.0,2.0,7.0,0.0,0.0,0.0
Jorn Brondeel,be BEL,GK,Willem II,27-176,1993,11.0,10.0,926.0,0.0,0.0,0.0,0.0,0.0,0.0,0.0,0.0,0.0,0.0,0.0,10.3,0.0,0.0,0.0,0.0,0.0,0.0,0.0,0.0,0.0,2.0,0.0,0.0,0.0,0.0,0.0,0.0,0.0
Michael Brouwer,nl NED,GK,Heracles Almelo,28-040,1993,7.0,6.0,554.0,0.0,0.0,0.0,0.0,0.0,0.0,0.0,0.0,0.0,0.0,0.0,6.2,1.0,0.0,0.0,0.16,0.0,0.0,0.0,0.0,0.0,0.0,0.0,0.0,0.0,1.0,0.0,0.0,0.0
Bruma,pt POR,MF,PSV Eindhoven,26-129,1994,3.0,1.0,120.0,0.0,0.0,0.0,0.0,1.0,0.0,0.0,0.0,0.0,0.0,0.0,1.3,3.0,1.0,33.3,2.25,0.75,0.0,0.0,0.0,2.0,1.0,0.0,3.0,2.0,1.0,0.0,0.0,0.0
Max Bruns,nl NED,MF,Twente,18-116,2002,1.0,0.0,5.0,0.0,0.0,0.0,0.0,0.0,0.0,0.0,0.0,0.0,0.0,0.0,0.1,0.0,0.0,0.0,0.0,0.0,0.0,0.0,0.0,0.0,1.0,0.0,0.0,0.0,0.0,0.0,0.0,0.0
Thomas Bruns,nl NED,MF,Vitesse,29-054,1992,16.0,12.0,956.0,0.0,1.0,0.0,0.0,4.0,0.0,0.0,0.09,0.09,0.0,0.09,10.6,9.0,0.0,0.0,0.85,0.0,0.0,0.0,0.0,18.0,17.0,0.0,7.0,13.0,16.0,0.0,0.0,0.0
Koen Bucker,nl NED,GK,Heracles Almelo,24-257,1996,2.0,2.0,180.0,0.0,0.0,0.0,0.0,0.0,0.0,0.0,0.0,0.0,0.0,0.0,2.0,0.0,0.0,0.0,0.0,0.0,0.0,0.0,0.0,0.0,0.0,0.0,0.0,0.0,0.0,0.0,0.0,0.0
Thomas Buitink,nl NED,FW,Zwolle,20-261,2000,6.0,6.0,397.0,2.0,1.0,0.0,0.0,0.0,0.0,0.45,0.23,0.68,0.45,0.68,4.4,8.0,4.0,50.0,1.81,0.91,0.25,0.5,0.0,6.0,3.0,3.0,1.0,0.0,1.0,0.0,0.0,0.0
Thomas Buitink,nl NED,FW,Vitesse,20-261,2000,14.0,1.0,305.0,1.0,1.0,0.0,0.0,2.0,0.0,0.3,0.3,0.59,0.3,0.59,3.4,7.0,2.0,28.6,2.07,0.59,0.14,0.5,0.0,4.0,1.0,0.0,5.0,0.0,0.0,0.0,0.0,0.0
Wouter Burger,nl NED,MF,Feyenoord,20-014,2001,1.0,0.0,6.0,0.0,0.0,0.0,0.0,0.0,0.0,0.0,0.0,0.0,0.0,0.0,0.1,0.0,0.0,0.0,0.0,0.0,0.0,0.0,0.0,0.0,0.0,0.0,0.0,0.0,0.0,0.0,0.0,0.0
Wouter Burger,nl NED,MF,Sparta R'dam,20-014,2001,11.0,3.0,362.0,1.0,0.0,0.0,0.0,0.0,0.0,0.25,0.0,0.25,0.25,0.25,4.0,4.0,3.0,75.0,0.99,0.75,0.25,0.33,0.0,5.0,5.0,0.0,9.0,14.0,5.0,0.0,0.0,0.0
Delano Burgzorg,nl NED,FW,Heracles Almelo,22-115,1998,22.0,15.0,1295.0,5.0,0.0,0.0,0.0,1.0,0.0,0.35,0.0,0.35,0.35,0.35,14.4,33.0,11.0,33.3,2.29,0.76,0.15,0.45,0.0,12.0,26.0,16.0,10.0,8.0,5.0,0.0,0.0,0.0
Lentini Caciano,nl NED,MF,Emmen,19-199,2001,5.0,1.0,71.0,0.0,0.0,0.0,0.0,0.0,0.0,0.0,0.0,0.0,0.0,0.0,0.8,0.0,0.0,0.0,0.0,0.0,0.0,0.0,0.0,3.0,2.0,0.0,0.0,1.0,1.0,0.0,0.0,0.0
João Carlos Teixeira,pt POR,"MF,FW",Feyenoord,28-043,1993,10.0,6.0,576.0,0.0,4.0,0.0,0.0,0.0,0.0,0.0,0.62,0.62,0.0,0.62,6.4,9.0,1.0,11.1,1.41,0.16,0.0,0.0,0.0,5.0,21.0,0.0,13.0,4.0,7.0,0.0,0.0,0.0
Luciano Carty,nl NED,FW,Emmen,19-151,2001,1.0,0.0,45.0,0.0,1.0,0.0,0.0,1.0,0.0,0.0,2.0,2.0,0.0,2.0,0.5,4.0,1.0,25.0,8.0,2.0,0.0,0.0,0.0,1.0,0.0,0.0,2.0,0.0,0.0,0.0,0.0,0.0
Amar Ćatić,ba BIH,FW,ADO Den Haag,22-040,1999,12.0,4.0,413.0,0.0,0.0,0.0,0.0,1.0,0.0,0.0,0.0,0.0,0.0,0.0,4.6,4.0,2.0,50.0,0.87,0.44,0.0,0.0,0.0,2.0,3.0,0.0,9.0,0.0,5.0,0.0,0.0,0.0
Caner Cavlan,nl NED,DF,Emmen,29-025,1992,23.0,23.0,2032.0,0.0,2.0,0.0,0.0,3.0,0.0,0.0,0.09,0.09,0.0,0.09,22.6,23.0,7.0,30.4,1.02,0.31,0.0,0.0,0.0,21.0,22.0,0.0,96.0,40.0,23.0,0.0,0.0,1.0
Václav Černý,cz CZE,"FW,MF",Twente,23-136,1997,16.0,16.0,1186.0,6.0,7.0,0.0,0.0,2.0,0.0,0.46,0.53,0.99,0.46,0.99,13.2,34.0,17.0,50.0,2.58,1.29,0.18,0.35,0.0,13.0,10.0,8.0,64.0,11.0,17.0,0.0,0.0,0.0
Michael Chacon,nl NED,MF,Emmen,26-325,1994,11.0,8.0,751.0,0.0,0.0,0.0,0.0,2.0,0.0,0.0,0.0,0.0,0.0,0.0,8.3,4.0,0.0,0.0,0.48,0.0,0.0,0.0,0.0,15.0,15.0,0.0,0.0,14.0,5.0,0.0,0.0,0.0
Jeremy Cijntje,cw CUW,FW,Heracles Almelo,23-053,1998,7.0,0.0,152.0,0.0,0.0,0.0,0.0,0.0,0.0,0.0,0.0,0.0,0.0,0.0,1.7,2.0,0.0,0.0,1.18,0.0,0.0,0.0,0.0,1.0,1.0,0.0,2.0,0.0,3.0,0.0,0.0,0.0
Jordy Clasie,nl NED,MF,AZ Alkmaar,29-248,1991,1.0,0.0,19.0,0.0,0.0,0.0,0.0,0.0,0.0,0.0,0.0,0.0,0.0,0.0,0.2,0.0,0.0,0.0,0.0,0.0,0.0,0.0,0.0,0.0,0.0,0.0,0.0,1.0,0.0,0.0,0.0,0.0
Pelle Clement,nl NED,"MF,FW",Zwolle,24-287,1996,13.0,7.0,647.0,1.0,0.0,0.0,0.0,0.0,1.0,0.14,0.0,0.14,0.14,0.14,7.2,6.0,2.0,33.3,0.83,0.28,0.17,0.5,0.0,7.0,7.0,3.0,3.0,7.0,9.0,0.0,0.0,0.0
Christian Conteh,de GER,FW,Feyenoord,21-187,1999,1.0,0.0,29.0,0.0,0.0,0.0,0.0,0.0,0.0,0.0,0.0,0.0,0.0,0.0,0.3,0.0,0.0,0.0,0.0,0.0,0.0,0.0,0.0,0.0,0.0,0.0,0.0,0.0,1.0,0.0,0.0,0.0
Ante Ćorić,hr CRO,MF,VVV-Venlo,23-322,1997,1.0,0.0,28.0,0.0,0.0,0.0,0.0,0.0,0.0,0.0,0.0,0.0,0.0,0.0,0.3,1.0,0.0,0.0,3.21,0.0,0.0,0.0,0.0,0.0,0.0,0.0,4.0,1.0,1.0,0.0,0.0,0.0
Enzo Cornelisse,nl NED,DF,Vitesse,18-060,2003,3.0,1.0,100.0,0.0,0.0,0.0,0.0,0.0,0.0,0.0,0.0,0.0,0.0,0.0,1.1,0.0,0.0,0.0,0.0,0.0,0.0,0.0,0.0,0.0,1.0,0.0,0.0,2.0,0.0,0.0,0.0,0.0
George Cox,eng ENG,DF,Fortuna Sittard,23-047,1998,24.0,23.0,2024.0,4.0,4.0,0.0,0.0,2.0,0.0,0.18,0.18,0.36,0.18,0.36,22.5,11.0,6.0,54.5,0.49,0.27,0.36,0.67,0.0,16.0,19.0,1.0,112.0,55.0,29.0,0.0,0.0,0.0
Delano van Crooy,nl NED,GK,VVV-Venlo,29-270,1991,5.0,4.0,405.0,0.0,0.0,0.0,0.0,0.0,0.0,0.0,0.0,0.0,0.0,0.0,4.5,0.0,0.0,0.0,0.0,0.0,0.0,0.0,0.0,0.0,1.0,0.0,0.0,0.0,0.0,0.0,0.0,0.0
Vito van Crooy,nl NED,"MF,FW",VVV-Venlo,25-032,1996,21.0,21.0,1890.0,2.0,6.0,0.0,0.0,7.0,0.0,0.1,0.29,0.38,0.1,0.38,21.0,18.0,8.0,44.4,0.86,0.38,0.11,0.25,0.0,39.0,20.0,4.0,125.0,26.0,24.0,0.0,0.0,0.0
Alessio da Cruz,nl NED,"MF,FW",Groningen,24-043,1997,14.0,11.0,822.0,1.0,3.0,0.0,0.0,2.0,0.0,0.11,0.33,0.44,0.11,0.44,9.1,8.0,5.0,62.5,0.88,0.55,0.13,0.2,0.0,14.0,15.0,2.0,14.0,4.0,4.0,0.0,0.0,0.0
Kristopher Da Graca,se SWE,DF,VVV-Venlo,23-045,1998,9.0,8.0,696.0,0.0,0.0,0.0,0.0,2.0,0.0,0.0,0.0,0.0,0.0,0.0,7.7,2.0,1.0,50.0,0.26,0.13,0.0,0.0,0.0,6.0,2.0,0.0,0.0,8.0,5.0,0.0,0.0,0.0
Jasper Dahlhaus,nl NED,FW,Willem II,19-095,2001,2.0,0.0,9.0,0.0,0.0,0.0,0.0,0.0,0.0,0.0,0.0,0.0,0.0,0.0,0.1,0.0,0.0,0.0,0.0,0.0,0.0,0.0,0.0,0.0,0.0,0.0,2.0,0.0,0.0,0.0,0.0,0.0
Thijs Dallinga,nl NED,FW,Groningen,20-211,2000,5.0,0.0,51.0,0.0,0.0,0.0,0.0,0.0,0.0,0.0,0.0,0.0,0.0,0.0,0.6,6.0,3.0,50.0,10.59,5.29,0.0,0.0,0.0,1.0,1.0,1.0,0.0,0.0,0.0,0.0,0.0,0.0
Adrián Dalmau,es ESP,FW,Utrecht,26-344,1994,12.0,5.0,497.0,3.0,0.0,0.0,0.0,2.0,1.0,0.54,0.0,0.54,0.54,0.54,5.5,19.0,6.0,31.6,3.44,1.09,0.16,0.5,1.0,11.0,6.0,3.0,0.0,0.0,3.0,0.0,0.0,0.0
Vitalie Damașcan,md MDA,FW,RKC Waalwijk,22-037,1999,16.0,5.0,532.0,2.0,1.0,0.0,0.0,1.0,0.0,0.34,0.17,0.51,0.34,0.51,5.9,17.0,10.0,58.8,2.88,1.69,0.12,0.2,0.0,8.0,9.0,7.0,1.0,3.0,0.0,0.0,0.0,0.0
Wessel Dammers,nl NED,DF,Groningen,26-001,1995,20.0,12.0,1151.0,1.0,1.0,0.0,0.0,7.0,0.0,0.08,0.08,0.16,0.08,0.16,12.8,3.0,2.0,66.7,0.23,0.16,0.33,0.5,0.0,12.0,10.0,0.0,3.0,31.0,15.0,0.0,0.0,1.0
Lennerd Daneels,be BEL,"FW,MF",RKC Waalwijk,22-326,1998,23.0,14.0,1436.0,2.0,2.0,0.0,0.0,0.0,0.0,0.13,0.13,0.25,0.13,0.25,16.0,25.0,11.0,44.0,1.57,0.69,0.08,0.18,0.0,14.0,21.0,1.0,67.0,6.0,16.0,0.0,0.0,0.0
Danilo,br BRA,FW,Twente,21-329,1999,24.0,23.0,1913.0,13.0,5.0,4.0,5.0,3.0,0.0,0.61,0.24,0.85,0.42,0.66,21.3,73.0,31.0,42.5,3.43,1.46,0.12,0.29,0.0,15.0,22.0,8.0,3.0,5.0,10.0,0.0,0.0,0.0
Damil Dankerlui,nl NED,DF,Groningen,24-190,1996,21.0,17.0,1566.0,0.0,0.0,0.0,0.0,2.0,1.0,0.0,0.0,0.0,0.0,0.0,17.4,14.0,0.0,0.0,0.8,0.0,0.0,0.0,0.0,17.0,6.0,0.0,41.0,21.0,25.0,0.0,0.0,0.0
Oussama Darfalou,dz ALG,FW,Vitesse,27-155,1993,23.0,12.0,1088.0,6.0,1.0,0.0,0.0,2.0,0.0,0.5,0.08,0.58,0.5,0.58,12.1,41.0,23.0,56.1,3.39,1.9,0.15,0.26,0.0,17.0,12.0,3.0,7.0,1.0,9.0,0.0,0.0,0.0
Eli Dasa,il ISR,"DF,MF",Vitesse,28-089,1992,22.0,22.0,1952.0,0.0,5.0,0.0,0.0,1.0,0.0,0.0,0.23,0.23,0.0,0.23,21.7,8.0,1.0,12.5,0.37,0.05,0.0,0.0,0.0,15.0,15.0,2.0,76.0,40.0,25.0,0.0,0.0,0.0
Kees De Boer,nl NED,MF,ADO Den Haag,20-293,2000,12.0,9.0,744.0,0.0,2.0,0.0,0.0,2.0,0.0,0.0,0.24,0.24,0.0,0.24,8.3,3.0,1.0,33.3,0.36,0.12,0.0,0.0,0.0,7.0,2.0,0.0,8.0,22.0,16.0,0.0,0.0,0.0
Tristan Dekker,nl NED,DF,VVV-Venlo,22-340,1998,9.0,7.0,613.0,0.0,0.0,0.0,0.0,1.0,0.0,0.0,0.0,0.0,0.0,0.0,6.8,2.0,0.0,0.0,0.29,0.0,0.0,0.0,0.0,6.0,8.0,0.0,11.0,11.0,7.0,0.0,0.0,0.0
Dario Del Fabro,it ITA,DF,ADO Den Haag,25-343,1995,17.0,14.0,1327.0,0.0,0.0,0.0,0.0,1.0,0.0,0.0,0.0,0.0,0.0,0.0,14.7,8.0,3.0,37.5,0.54,0.2,0.0,0.0,0.0,9.0,5.0,0.0,0.0,20.0,5.0,0.0,0.0,0.0
Filip Delaveris,no NOR,FW,Vitesse,20-082,2000,1.0,0.0,3.0,0.0,0.0,0.0,0.0,0.0,0.0,0.0,0.0,0.0,0.0,0.0,0.0,0.0,0.0,0.0,0.0,0.0,0.0,0.0,0.0,0.0,1.0,0.0,0.0,0.0,0.0,0.0,0.0,0.0
Jop van den Avert,nl NED,DF,Willem II,20-295,2000,2.0,1.0,95.0,0.0,0.0,0.0,0.0,0.0,0.0,0.0,0.0,0.0,0.0,0.0,1.1,0.0,0.0,0.0,0.0,0.0,0.0,0.0,0.0,1.0,0.0,0.0,0.0,0.0,0.0,0.0,0.0,0.0
Thomas van den Belt,nl NED,MF,Zwolle,19-257,2001,3.0,0.0,60.0,0.0,0.0,0.0,0.0,0.0,0.0,0.0,0.0,0.0,0.0,0.0,0.7,1.0,0.0,0.0,1.5,0.0,0.0,0.0,0.0,1.0,1.0,0.0,0.0,0.0,1.0,0.0,0.0,0.0
Victor van den Bogert,nl NED,DF,Willem II,21-202,1999,4.0,1.0,162.0,0.0,0.0,0.0,0.0,0.0,0.0,0.0,0.0,0.0,0.0,0.0,1.8,0.0,0.0,0.0,0.0,0.0,0.0,0.0,0.0,0.0,0.0,0.0,3.0,1.0,2.0,0.0,0.0,0.0
Arjen van der Heide,nl NED,"FW,MF",Heerenveen,19-103,2001,10.0,6.0,556.0,0.0,2.0,0.0,0.0,1.0,0.0,0.0,0.32,0.32,0.0,0.32,6.2,8.0,4.0,50.0,1.29,0.65,0.0,0.0,0.0,12.0,8.0,1.0,17.0,6.0,12.0,0.0,0.0,0.0
Jan-Arie van der Heijden,nl NED,"DF,MF",Willem II,32-364,1988,14.0,11.0,1038.0,2.0,0.0,0.0,0.0,1.0,0.0,0.17,0.0,0.17,0.17,0.17,11.5,5.0,4.0,80.0,0.43,0.35,0.4,0.5,0.0,6.0,5.0,0.0,3.0,17.0,9.0,0.0,0.0,0.0
Mark van der Maarel,nl NED,DF,Utrecht,31-202,1989,17.0,13.0,1125.0,2.0,3.0,0.0,0.0,4.0,0.0,0.16,0.24,0.4,0.16,0.4,12.5,13.0,3.0,23.1,1.04,0.24,0.15,0.67,0.0,24.0,9.0,0.0,22.0,20.0,20.0,0.0,0.0,0.0
Richard van der Venne,nl NED,MF,RKC Waalwijk,28-290,1992,20.0,16.0,1339.0,3.0,1.0,0.0,0.0,3.0,0.0,0.2,0.07,0.27,0.2,0.27,14.9,40.0,17.0,42.5,2.69,1.14,0.08,0.18,0.0,36.0,26.0,2.0,14.0,11.0,9.0,0.0,0.0,0.0
Silvester van der Water,nl NED,FW,Heracles Almelo,24-153,1996,18.0,14.0,1208.0,3.0,4.0,0.0,0.0,0.0,0.0,0.22,0.3,0.52,0.22,0.52,13.4,31.0,11.0,35.5,2.31,0.82,0.1,0.27,0.0,13.0,32.0,3.0,91.0,18.0,16.0,0.0,0.0,0.0
Halil Dervişoğlu,tr TUR,FW,Twente,21-084,1999,9.0,2.0,231.0,0.0,0.0,0.0,0.0,0.0,0.0,0.0,0.0,0.0,0.0,0.0,2.6,5.0,1.0,20.0,1.95,0.39,0.0,0.0,0.0,4.0,6.0,0.0,3.0,1.0,4.0,0.0,0.0,0.0
Sergiño Dest,us USA,DF,Ajax,20-119,2000,3.0,0.0,77.0,0.0,0.0,0.0,0.0,0.0,0.0,0.0,0.0,0.0,0.0,0.0,0.9,2.0,0.0,0.0,2.34,0.0,0.0,0.0,0.0,2.0,0.0,0.0,4.0,1.0,2.0,0.0,0.0,0.0
Sieben Dewaele,be BEL,MF,Heerenveen,22-028,1999,6.0,2.0,173.0,0.0,0.0,0.0,0.0,1.0,1.0,0.0,0.0,0.0,0.0,0.0,1.9,2.0,1.0,50.0,1.04,0.52,0.0,0.0,0.0,1.0,1.0,0.0,1.0,1.0,2.0,0.0,0.0,0.0
Djibril Dianessy,fr FRA,MF,Fortuna Sittard,24-338,1996,5.0,0.0,41.0,0.0,0.0,0.0,0.0,0.0,0.0,0.0,0.0,0.0,0.0,0.0,0.5,0.0,0.0,0.0,0.0,0.0,0.0,0.0,0.0,0.0,0.0,0.0,2.0,1.0,0.0,0.0,0.0,0.0
Mark Diemers,nl NED,"MF,FW",Feyenoord,27-142,1993,22.0,20.0,1667.0,3.0,3.0,1.0,1.0,1.0,0.0,0.16,0.16,0.32,0.11,0.27,18.5,32.0,10.0,31.3,1.73,0.54,0.06,0.2,0.0,13.0,56.0,0.0,47.0,15.0,23.0,0.0,0.0,0.0
Stan van Dijck,nl NED,DF,VVV-Venlo,20-146,2000,7.0,0.0,145.0,0.0,0.0,0.0,0.0,0.0,0.0,0.0,0.0,0.0,0.0,0.0,1.6,3.0,0.0,0.0,1.86,0.0,0.0,0.0,0.0,2.0,1.0,1.0,0.0,4.0,1.0,0.0,0.0,0.0
Danilho Doekhi,nl NED,DF,Vitesse,22-245,1998,23.0,23.0,2070.0,1.0,0.0,0.0,0.0,0.0,0.0,0.04,0.0,0.04,0.04,0.04,23.0,12.0,2.0,16.7,0.52,0.09,0.08,0.5,0.0,17.0,9.0,0.0,3.0,41.0,29.0,0.0,0.0,0.0
Anastasios Donis,gr GRE,MF,VVV-Venlo,24-185,1996,1.0,1.0,66.0,0.0,0.0,0.0,0.0,0.0,0.0,0.0,0.0,0.0,0.0,0.0,0.7,0.0,0.0,0.0,0.0,0.0,0.0,0.0,0.0,0.0,1.0,0.0,1.0,0.0,0.0,0.0,0.0,0.0
Christos Donis,gr GRE,MF,VVV-Venlo,26-144,1994,6.0,5.0,340.0,1.0,0.0,0.0,0.0,0.0,0.0,0.26,0.0,0.26,0.26,0.26,3.8,3.0,2.0,66.7,0.79,0.53,0.33,0.5,0.0,3.0,5.0,1.0,2.0,3.0,3.0,0.0,0.0,0.0
Marc-Olivier Doué,fr FRA,DF,Zwolle,20-142,2000,3.0,0.0,70.0,0.0,0.0,0.0,0.0,0.0,0.0,0.0,0.0,0.0,0.0,0.0,0.8,0.0,0.0,0.0,0.0,0.0,0.0,0.0,0.0,2.0,2.0,1.0,0.0,4.0,4.0,0.0,0.0,0.0
Ibrahim Drešević,xk KVX,DF,Heerenveen,24-037,1997,21.0,13.0,1275.0,0.0,2.0,0.0,0.0,0.0,0.0,0.0,0.14,0.14,0.0,0.14,14.2,10.0,2.0,20.0,0.71,0.14,0.0,0.0,0.0,11.0,9.0,0.0,3.0,42.0,14.0,0.0,0.0,0.0
Couhaib Driouech,nl NED,FW,Heerenveen,18-319,2002,5.0,1.0,114.0,0.0,0.0,0.0,0.0,0.0,0.0,0.0,0.0,0.0,0.0,0.0,1.3,1.0,0.0,0.0,0.79,0.0,0.0,0.0,0.0,2.0,2.0,0.0,6.0,0.0,3.0,0.0,0.0,0.0
Joel Drommel,nl NED,GK,Twente,24-106,1996,24.0,24.0,2160.0,0.0,0.0,0.0,0.0,1.0,0.0,0.0,0.0,0.0,0.0,0.0,24.0,1.0,0.0,0.0,0.04,0.0,0.0,0.0,0.0,1.0,3.0,0.0,0.0,2.0,1.0,0.0,0.0,0.0
Jesper Drost,nl NED,"MF,FW",Zwolle,28-050,1993,18.0,9.0,912.0,1.0,2.0,0.0,0.0,1.0,0.0,0.1,0.2,0.3,0.1,0.3,10.1,11.0,5.0,45.5,1.09,0.49,0.09,0.2,0.0,14.0,12.0,3.0,6.0,13.0,20.0,0.0,0.0,0.0
Ferdy Druijf,nl NED,FW,AZ Alkmaar,23-018,1998,9.0,0.0,120.0,1.0,0.0,0.0,0.0,0.0,0.0,0.75,0.0,0.75,0.75,0.75,1.3,2.0,2.0,100.0,1.5,1.5,0.5,0.5,0.0,1.0,2.0,1.0,0.0,0.0,0.0,0.0,0.0,0.0
Deroy Duarte,nl NED,MF,Sparta R'dam,21-241,1999,20.0,19.0,1472.0,4.0,3.0,0.0,0.0,3.0,0.0,0.24,0.18,0.43,0.24,0.43,16.4,32.0,12.0,37.5,1.96,0.73,0.13,0.33,0.0,20.0,6.0,7.0,10.0,14.0,17.0,0.0,0.0,0.0
Laros Duarte,nl NED,MF,Sparta R'dam,24-002,1997,9.0,2.0,329.0,0.0,0.0,0.0,0.0,1.0,0.0,0.0,0.0,0.0,0.0,0.0,3.7,8.0,4.0,50.0,2.19,1.09,0.0,0.0,0.0,6.0,3.0,0.0,13.0,5.0,5.0,0.0,0.0,0.0
Enrico Duenas Hernández,nl NED,FW,Vitesse,20-007,2001,1.0,0.0,18.0,0.0,0.0,0.0,0.0,0.0,0.0,0.0,0.0,0.0,0.0,0.0,0.2,0.0,0.0,0.0,0.0,0.0,0.0,0.0,0.0,0.0,0.0,0.0,0.0,1.0,0.0,0.0,0.0,0.0
Jelle Duin,nl NED,FW,AZ Alkmaar,22-034,1999,1.0,0.0,11.0,0.0,0.0,0.0,0.0,0.0,0.0,0.0,0.0,0.0,0.0,0.0,0.1,2.0,1.0,50.0,16.36,8.18,0.0,0.0,0.0,2.0,1.0,0.0,0.0,0.0,0.0,0.0,0.0,0.0
Mike van Duinen,nl NED,FW,Zwolle,29-116,1991,17.0,12.0,1046.0,3.0,0.0,1.0,1.0,2.0,0.0,0.26,0.0,0.26,0.17,0.17,11.6,32.0,13.0,40.6,2.75,1.12,0.06,0.15,0.0,9.0,19.0,6.0,16.0,3.0,12.0,0.0,0.0,0.0
Denzel Dumfries,nl NED,DF,PSV Eindhoven,24-318,1996,22.0,19.0,1754.0,1.0,4.0,1.0,1.0,4.0,0.0,0.05,0.21,0.26,0.0,0.21,19.5,19.0,7.0,36.8,0.97,0.36,0.0,0.0,0.0,29.0,32.0,2.0,37.0,36.0,21.0,0.0,0.0,0.0
Tyronne Ebuehi,ng NGA,DF,Twente,25-076,1995,23.0,23.0,1959.0,1.0,1.0,0.0,0.0,1.0,0.0,0.05,0.05,0.09,0.05,0.09,21.8,10.0,5.0,50.0,0.46,0.23,0.1,0.2,0.0,16.0,14.0,0.0,28.0,36.0,18.0,0.0,0.0,0.0
James Efmorfidis,gr GRE,"FW,MF",RKC Waalwijk,25-043,1996,7.0,5.0,367.0,0.0,0.0,0.0,0.0,0.0,0.0,0.0,0.0,0.0,0.0,0.0,4.1,11.0,6.0,54.5,2.7,1.47,0.0,0.0,0.0,3.0,4.0,0.0,12.0,6.0,3.0,0.0,0.0,0.0
Jurgen Ekkelenkamp,nl NED,MF,Ajax,20-331,2000,10.0,2.0,407.0,3.0,1.0,0.0,0.0,0.0,0.0,0.66,0.22,0.88,0.66,0.88,4.5,20.0,6.0,30.0,4.42,1.33,0.15,0.5,0.0,3.0,5.0,2.0,3.0,4.0,3.0,0.0,0.0,0.0
Eljero Elia,nl NED,FW,Utrecht,34-017,1987,14.0,6.0,479.0,2.0,0.0,0.0,0.0,2.0,0.0,0.38,0.0,0.38,0.38,0.38,5.3,6.0,5.0,83.3,1.13,0.94,0.33,0.4,0.0,5.0,10.0,4.0,8.0,2.0,7.0,0.0,0.0,0.0
Ilay Elmkies,il ISR,MF,ADO Den Haag,20-357,2000,9.0,4.0,371.0,0.0,0.0,0.0,0.0,1.0,0.0,0.0,0.0,0.0,0.0,0.0,4.1,3.0,0.0,0.0,0.73,0.0,0.0,0.0,0.0,5.0,5.0,0.0,2.0,8.0,5.0,0.0,0.0,0.0
Nicolas Elsek,il ISR,MF,RKC Waalwijk,29-097,1991,8.0,6.0,507.0,0.0,1.0,0.0,0.0,0.0,0.0,0.0,0.18,0.18,0.0,0.18,5.6,1.0,0.0,0.0,0.18,0.0,0.0,0.0,0.0,12.0,6.0,0.0,6.0,12.0,4.0,0.0,0.0,0.0
Urby Emanuelson,nl NED,"DF,FW",Utrecht,34-259,1986,8.0,0.0,136.0,0.0,0.0,0.0,0.0,0.0,0.0,0.0,0.0,0.0,0.0,0.0,1.5,0.0,0.0,0.0,0.0,0.0,0.0,0.0,0.0,1.0,2.0,1.0,10.0,3.0,0.0,0.0,0.0,0.0
Emanuel Emegha,nl NED,FW,Sparta R'dam,18-027,2003,8.0,1.0,258.0,0.0,0.0,0.0,0.0,0.0,0.0,0.0,0.0,0.0,0.0,0.0,2.9,2.0,0.0,0.0,0.7,0.0,0.0,0.0,0.0,8.0,3.0,3.0,0.0,1.0,1.0,0.0,0.0,0.0
Mario Engels,de GER,"FW,MF",Sparta R'dam,27-131,1993,17.0,8.0,874.0,3.0,3.0,0.0,0.0,1.0,0.0,0.31,0.31,0.62,0.31,0.62,9.7,21.0,6.0,28.6,2.16,0.62,0.14,0.5,0.0,23.0,11.0,12.0,41.0,4.0,4.0,0.0,0.0,0.0
Wassim Essanoussi,nl NED,MF,VVV-Venlo,17-135,2003,1.0,0.0,12.0,0.0,0.0,0.0,0.0,0.0,0.0,0.0,0.0,0.0,0.0,0.0,0.1,0.0,0.0,0.0,0.0,0.0,0.0,0.0,0.0,0.0,0.0,0.0,0.0,1.0,0.0,0.0,0.0,0.0
Clint Essers,nl NED,DF,Fortuna Sittard,24-040,1997,1.0,0.0,4.0,0.0,0.0,0.0,0.0,0.0,0.0,0.0,0.0,0.0,0.0,0.0,0.0,0.0,0.0,0.0,0.0,0.0,0.0,0.0,0.0,0.0,0.0,0.0,0.0,0.0,0.0,0.0,0.0,0.0
Håkon Evjen,no NOR,FW,AZ Alkmaar,21-016,2000,8.0,2.0,228.0,1.0,0.0,0.0,0.0,0.0,0.0,0.39,0.0,0.39,0.39,0.39,2.5,3.0,2.0,66.7,1.18,0.79,0.33,0.5,0.0,2.0,5.0,0.0,4.0,3.0,2.0,0.0,0.0,0.0
Milan van Ewijk,nl NED,DF,ADO Den Haag,20-175,2000,24.0,24.0,2108.0,1.0,2.0,0.0,0.0,2.0,0.0,0.04,0.09,0.13,0.04,0.13,23.4,6.0,3.0,50.0,0.26,0.13,0.17,0.33,0.0,19.0,32.0,0.0,36.0,43.0,60.0,0.0,0.0,0.0
Noah Fadiga,be BEL,DF,Heracles Almelo,21-089,1999,5.0,2.0,215.0,0.0,1.0,0.0,0.0,1.0,0.0,0.0,0.42,0.42,0.0,0.42,2.4,1.0,0.0,0.0,0.42,0.0,0.0,0.0,0.0,2.0,0.0,0.0,3.0,7.0,2.0,0.0,0.0,0.0
Juan Familio-Castillo,nl NED,"DF,MF",AZ Alkmaar,21-048,2000,1.0,0.0,2.0,0.0,0.0,0.0,0.0,0.0,0.0,0.0,0.0,0.0,0.0,0.0,0.0,0.0,0.0,0.0,0.0,0.0,0.0,0.0,0.0,0.0,0.0,0.0,0.0,0.0,0.0,0.0,0.0,0.0
Juan Familio-Castillo,nl NED,"DF,MF",ADO Den Haag,21-048,2000,8.0,6.0,518.0,0.0,0.0,0.0,0.0,2.0,0.0,0.0,0.0,0.0,0.0,0.0,5.8,1.0,0.0,0.0,0.17,0.0,0.0,0.0,0.0,2.0,6.0,0.0,11.0,9.0,4.0,0.0,0.0,0.0
Lassana Faye,nl NED,DF,ADO Den Haag,22-260,1998,12.0,12.0,1022.0,0.0,1.0,0.0,0.0,1.0,0.0,0.0,0.09,0.09,0.0,0.09,11.4,1.0,0.0,0.0,0.09,0.0,0.0,0.0,0.0,5.0,6.0,0.0,16.0,14.0,11.0,0.0,0.0,0.0
Adrian Fein,de GER,MF,PSV Eindhoven,21-349,1999,11.0,4.0,376.0,1.0,1.0,0.0,0.0,0.0,0.0,0.24,0.24,0.48,0.24,0.48,4.2,6.0,5.0,83.3,1.44,1.2,0.17,0.2,0.0,3.0,1.0,0.0,7.0,7.0,3.0,0.0,0.0,0.0
Luis Felipe,br BRA,DF,PSV Eindhoven,19-289,2001,1.0,0.0,5.0,0.0,0.0,0.0,0.0,0.0,0.0,0.0,0.0,0.0,0.0,0.0,0.1,0.0,0.0,0.0,0.0,0.0,0.0,0.0,0.0,0.0,0.0,0.0,0.0,0.0,0.0,0.0,0.0,0.0
Leroy Fer,nl NED,MF,Feyenoord,31-056,1990,18.0,16.0,1366.0,0.0,0.0,0.0,0.0,2.0,0.0,0.0,0.0,0.0,0.0,0.0,15.2,12.0,3.0,25.0,0.79,0.2,0.0,0.0,0.0,26.0,13.0,1.0,4.0,12.0,10.0,0.0,0.0,0.0
Zian Flemming,nl NED,"MF,FW",Fortuna Sittard,22-213,1998,23.0,23.0,2053.0,7.0,4.0,0.0,0.0,4.0,0.0,0.31,0.18,0.48,0.31,0.48,22.8,60.0,32.0,53.3,2.63,1.4,0.12,0.22,0.0,37.0,34.0,4.0,13.0,17.0,22.0,0.0,0.0,0.0
Sherel Floranus,nl NED,DF,Heerenveen,22-191,1998,22.0,20.0,1814.0,1.0,0.0,0.0,0.0,3.0,0.0,0.05,0.0,0.05,0.05,0.05,20.2,6.0,2.0,33.3,0.3,0.1,0.17,0.5,0.0,18.0,12.0,1.0,29.0,37.0,27.0,0.0,0.0,0.0
Jeffry Fortes,cv CPV,"DF,MF",Sparta R'dam,31-345,1989,15.0,8.0,863.0,0.0,0.0,0.0,0.0,1.0,1.0,0.0,0.0,0.0,0.0,0.0,9.6,2.0,0.0,0.0,0.21,0.0,0.0,0.0,0.0,15.0,5.0,0.0,21.0,25.0,10.0,0.0,0.0,0.0
Martin Fraisl,at AUT,GK,ADO Den Haag,27-296,1993,5.0,5.0,450.0,0.0,0.0,0.0,0.0,0.0,0.0,0.0,0.0,0.0,0.0,0.0,5.0,0.0,0.0,0.0,0.0,0.0,0.0,0.0,0.0,0.0,2.0,0.0,0.0,0.0,0.0,0.0,0.0,0.0
Lassina Franck Traoré,bf BFA,FW,Ajax,20-049,2001,11.0,7.0,518.0,7.0,4.0,0.0,0.0,0.0,0.0,1.22,0.69,1.91,1.22,1.91,5.8,19.0,9.0,47.4,3.3,1.56,0.37,0.78,0.0,9.0,9.0,0.0,1.0,1.0,1.0,0.0,0.0,0.0
Kerim Frei,tr TUR,MF,Emmen,27-103,1993,7.0,7.0,602.0,0.0,0.0,0.0,0.0,1.0,0.0,0.0,0.0,0.0,0.0,0.0,6.7,10.0,2.0,20.0,1.5,0.3,0.0,0.0,0.0,5.0,12.0,4.0,8.0,5.0,4.0,0.0,0.0,0.0
Juriën Gaari,cw CUW,DF,RKC Waalwijk,27-069,1993,5.0,2.0,232.0,0.0,0.0,0.0,0.0,1.0,0.0,0.0,0.0,0.0,0.0,0.0,2.6,0.0,0.0,0.0,0.0,0.0,0.0,0.0,0.0,4.0,1.0,0.0,4.0,9.0,3.0,0.0,0.0,0.0
Cody Gakpo,nl NED,"MF,FW",PSV Eindhoven,21-299,1999,14.0,13.0,1037.0,5.0,3.0,0.0,0.0,1.0,0.0,0.43,0.26,0.69,0.43,0.69,11.5,24.0,7.0,29.2,2.08,0.61,0.21,0.71,0.0,15.0,21.0,2.0,13.0,7.0,7.0,0.0,0.0,0.0
Lutsharel Geertruida,nl NED,DF,Feyenoord,20-227,2000,20.0,15.0,1423.0,4.0,2.0,0.0,0.0,0.0,0.0,0.25,0.13,0.38,0.25,0.38,15.8,10.0,5.0,50.0,0.63,0.32,0.4,0.8,0.0,15.0,10.0,1.0,24.0,16.0,34.0,0.0,0.0,0.0
Roy Gelmi,ch SUI,DF,VVV-Venlo,26-001,1995,19.0,18.0,1563.0,0.0,0.0,0.0,0.0,4.0,1.0,0.0,0.0,0.0,0.0,0.0,17.4,5.0,0.0,0.0,0.29,0.0,0.0,0.0,1.0,13.0,8.0,0.0,1.0,29.0,17.0,0.0,0.0,0.0
Leroy George,nl NED,"FW,MF",Fortuna Sittard,33-315,1987,2.0,0.0,9.0,0.0,0.0,0.0,0.0,0.0,0.0,0.0,0.0,0.0,0.0,0.0,0.1,2.0,0.0,0.0,20.0,0.0,0.0,0.0,0.0,0.0,0.0,0.0,0.0,0.0,0.0,0.0,0.0,0.0
Reza Ghoochannejad,ir IRN,FW,Zwolle,33-163,1987,17.0,7.0,625.0,6.0,0.0,2.0,3.0,0.0,0.0,0.86,0.0,0.86,0.58,0.58,6.9,19.0,9.0,47.4,2.74,1.3,0.21,0.44,0.0,4.0,6.0,12.0,2.0,1.0,1.0,0.0,0.0,0.0
Giorgos Giakoumakis,gr GRE,FW,VVV-Venlo,26-083,1994,23.0,23.0,1985.0,23.0,1.0,8.0,9.0,2.0,0.0,1.04,0.05,1.09,0.68,0.73,22.1,74.0,35.0,47.3,3.36,1.59,0.2,0.43,0.0,40.0,64.0,18.0,10.0,12.0,7.0,0.0,0.0,0.0
Marco van Ginkel,nl NED,MF,PSV Eindhoven,28-091,1992,3.0,0.0,37.0,0.0,0.0,0.0,0.0,0.0,0.0,0.0,0.0,0.0,0.0,0.0,0.4,0.0,0.0,0.0,0.0,0.0,0.0,0.0,0.0,1.0,0.0,0.0,0.0,0.0,0.0,0.0,0.0,0.0
Paul Gladon,nl NED,FW,Emmen,28-349,1992,3.0,2.0,187.0,0.0,0.0,0.0,0.0,0.0,0.0,0.0,0.0,0.0,0.0,0.0,2.1,4.0,0.0,0.0,1.93,0.0,0.0,0.0,0.0,6.0,6.0,3.0,0.0,0.0,0.0,0.0,0.0,0.0
Paul Gladon,nl NED,FW,Willem II,28-349,1992,4.0,1.0,136.0,0.0,0.0,0.0,0.0,0.0,0.0,0.0,0.0,0.0,0.0,0.0,1.5,0.0,0.0,0.0,0.0,0.0,0.0,0.0,0.0,3.0,1.0,0.0,1.0,1.0,2.0,0.0,0.0,0.0
Tomislav Gomelt,hr CRO,MF,ADO Den Haag,26-054,1995,6.0,4.0,264.0,1.0,0.0,0.0,0.0,0.0,1.0,0.34,0.0,0.34,0.34,0.34,2.9,5.0,2.0,40.0,1.7,0.68,0.2,0.5,0.0,4.0,2.0,0.0,1.0,3.0,1.0,0.0,0.0,0.0
Hilary Gong,ng NGA,FW,Vitesse,22-143,1998,5.0,0.0,51.0,0.0,0.0,0.0,0.0,0.0,0.0,0.0,0.0,0.0,0.0,0.0,0.6,1.0,0.0,0.0,1.76,0.0,0.0,0.0,0.0,0.0,0.0,0.0,4.0,1.0,0.0,0.0,0.0,0.0
John Goossens,nl NED,MF,ADO Den Haag,32-220,1988,17.0,12.0,1092.0,0.0,3.0,0.0,0.0,1.0,0.0,0.0,0.25,0.25,0.0,0.25,12.1,7.0,3.0,42.9,0.58,0.25,0.0,0.0,0.0,16.0,8.0,2.0,49.0,25.0,10.0,0.0,0.0,0.0
Mario Götze,de GER,MF,PSV Eindhoven,28-272,1992,10.0,9.0,715.0,5.0,2.0,0.0,0.0,0.0,0.0,0.63,0.25,0.88,0.63,0.88,7.9,11.0,8.0,72.7,1.38,1.01,0.45,0.63,0.0,5.0,12.0,2.0,16.0,13.0,10.0,0.0,0.0,0.0
Kenzo Goudmijn,nl NED,MF,AZ Alkmaar,19-074,2001,1.0,0.0,8.0,0.0,0.0,0.0,0.0,0.0,0.0,0.0,0.0,0.0,0.0,0.0,0.1,0.0,0.0,0.0,0.0,0.0,0.0,0.0,0.0,0.0,1.0,0.0,0.0,0.0,1.0,0.0,0.0,0.0
Denis Granečný,cz CZE,DF,Emmen,22-176,1998,2.0,0.0,18.0,0.0,0.0,0.0,0.0,0.0,0.0,0.0,0.0,0.0,0.0,0.0,0.2,0.0,0.0,0.0,0.0,0.0,0.0,0.0,0.0,0.0,0.0,0.0,0.0,0.0,0.0,0.0,0.0,0.0
Danzell Gravenberch,nl NED,FW,Sparta R'dam,27-017,1994,18.0,3.0,480.0,4.0,0.0,0.0,0.0,2.0,0.0,0.75,0.0,0.75,0.75,0.75,5.3,25.0,11.0,44.0,4.69,2.06,0.16,0.36,0.0,8.0,10.0,7.0,7.0,0.0,1.0,0.0,0.0,0.0
Ryan Gravenberch,nl NED,MF,Ajax,18-290,2002,21.0,21.0,1720.0,2.0,4.0,0.0,0.0,3.0,0.0,0.1,0.21,0.31,0.1,0.31,19.1,33.0,10.0,30.3,1.73,0.52,0.06,0.2,0.0,25.0,16.0,0.0,20.0,32.0,15.0,0.0,0.0,0.0
Gabriel Gudmundsson,se SWE,"DF,MF",Groningen,21-307,1999,19.0,16.0,1369.0,0.0,5.0,0.0,0.0,1.0,0.0,0.0,0.33,0.33,0.0,0.33,15.2,25.0,7.0,28.0,1.64,0.46,0.0,0.0,0.0,22.0,30.0,5.0,82.0,18.0,25.0,0.0,0.0,0.0
Simon Gustafson,se SWE,MF,Utrecht,26-050,1995,14.0,14.0,1172.0,1.0,0.0,1.0,1.0,3.0,0.0,0.08,0.0,0.08,0.0,0.0,13.0,22.0,10.0,45.5,1.69,0.77,0.0,0.0,0.0,16.0,29.0,2.0,40.0,15.0,17.0,0.0,0.0,0.0
Erick Gutiérrez,mx MEX,MF,PSV Eindhoven,25-260,1995,7.0,1.0,132.0,0.0,0.0,0.0,0.0,2.0,0.0,0.0,0.0,0.0,0.0,0.0,1.5,1.0,0.0,0.0,0.68,0.0,0.0,0.0,0.0,4.0,0.0,0.0,1.0,4.0,5.0,0.0,0.0,0.0
Leon Guwara,de GER,DF,VVV-Venlo,24-247,1996,8.0,8.0,699.0,0.0,0.0,0.0,0.0,0.0,0.0,0.0,0.0,0.0,0.0,0.0,7.8,0.0,0.0,0.0,0.0,0.0,0.0,0.0,0.0,7.0,10.0,2.0,7.0,19.0,8.0,0.0,0.0,0.0
Leon Guwara,de GER,DF,Utrecht,24-247,1996,1.0,0.0,13.0,0.0,0.0,0.0,0.0,0.0,0.0,0.0,0.0,0.0,0.0,0.0,0.1,0.0,0.0,0.0,0.0,0.0,0.0,0.0,0.0,0.0,0.0,0.0,0.0,0.0,1.0,0.0,0.0,0.0
Albert Guðmundsson,is ISL,"FW,MF",AZ Alkmaar,23-260,1997,16.0,15.0,1204.0,4.0,3.0,0.0,0.0,0.0,0.0,0.3,0.22,0.52,0.3,0.52,13.4,35.0,14.0,40.0,2.62,1.05,0.11,0.29,0.0,11.0,22.0,3.0,13.0,8.0,3.0,0.0,0.0,0.0
Morad El Haddouti,nl NED,FW,RKC Waalwijk,22-297,1998,6.0,0.0,158.0,0.0,0.0,0.0,0.0,0.0,0.0,0.0,0.0,0.0,0.0,0.0,1.8,2.0,0.0,0.0,1.14,0.0,0.0,0.0,0.0,5.0,1.0,0.0,15.0,1.0,3.0,0.0,0.0,0.0
Rami Hajal,se SWE,"MF,FW",Heerenveen,19-166,2001,15.0,2.0,445.0,0.0,0.0,0.0,0.0,1.0,0.0,0.0,0.0,0.0,0.0,0.0,4.9,11.0,3.0,27.3,2.22,0.61,0.0,0.0,0.0,7.0,6.0,0.0,2.0,7.0,5.0,0.0,0.0,0.0
Tomáš Hájek,cz CZE,DF,Vitesse,29-091,1991,9.0,5.0,484.0,0.0,0.0,0.0,0.0,2.0,0.0,0.0,0.0,0.0,0.0,0.0,5.4,3.0,0.0,0.0,0.56,0.0,0.0,0.0,0.0,2.0,3.0,0.0,3.0,9.0,7.0,0.0,0.0,0.0
Tibor Halilović,hr CRO,"MF,DF",Heerenveen,25-349,1995,9.0,9.0,727.0,0.0,0.0,0.0,0.0,0.0,0.0,0.0,0.0,0.0,0.0,0.0,8.1,7.0,3.0,42.9,0.87,0.37,0.0,0.0,0.0,4.0,14.0,0.0,23.0,14.0,5.0,0.0,0.0,0.0
Sébastien Haller,ci CIV,FW,Ajax,26-253,1994,9.0,8.0,739.0,5.0,5.0,0.0,0.0,1.0,0.0,0.61,0.61,1.22,0.61,1.22,8.2,24.0,12.0,50.0,2.92,1.46,0.21,0.42,0.0,14.0,16.0,7.0,3.0,2.0,6.0,0.0,0.0,0.0
Mohamed El Hankouri,nl NED,"MF,FW",Groningen,23-244,1997,23.0,12.0,1275.0,2.0,2.0,0.0,0.0,1.0,1.0,0.14,0.14,0.28,0.14,0.28,14.2,24.0,10.0,41.7,1.69,0.71,0.08,0.2,0.0,12.0,12.0,4.0,56.0,18.0,11.0,0.0,0.0,0.0
Emil Hansson,se SWE,"FW,MF",Fortuna Sittard,22-260,1998,23.0,14.0,1280.0,2.0,2.0,0.0,0.0,0.0,0.0,0.14,0.14,0.28,0.14,0.28,14.2,29.0,13.0,44.8,2.04,0.91,0.07,0.15,0.0,9.0,3.0,3.0,48.0,4.0,16.0,0.0,0.0,0.0
Ridgeciano Haps,nl NED,"DF,FW",Feyenoord,27-263,1993,15.0,11.0,978.0,3.0,1.0,0.0,0.0,1.0,0.0,0.28,0.09,0.37,0.28,0.37,10.9,13.0,8.0,61.5,1.2,0.74,0.23,0.38,0.0,7.0,23.0,3.0,19.0,24.0,12.0,0.0,0.0,0.0
Jeff Hardeveld,nl NED,DF,Heracles Almelo,26-003,1995,13.0,10.0,932.0,0.0,0.0,0.0,0.0,1.0,0.0,0.0,0.0,0.0,0.0,0.0,10.4,4.0,1.0,25.0,0.39,0.1,0.0,0.0,0.0,8.0,4.0,0.0,52.0,40.0,34.0,0.0,0.0,0.0
Abdou Harroui,nl NED,MF,Sparta R'dam,23-048,1998,21.0,21.0,1779.0,5.0,0.0,0.0,0.0,1.0,0.0,0.25,0.0,0.25,0.25,0.25,19.8,45.0,22.0,48.9,2.28,1.11,0.11,0.23,0.0,27.0,43.0,1.0,27.0,23.0,42.0,0.0,0.0,0.0
Pantelis Hatzidiakos,gr GRE,DF,AZ Alkmaar,24-043,1997,22.0,21.0,1816.0,0.0,1.0,0.0,0.0,5.0,0.0,0.0,0.05,0.05,0.0,0.05,20.2,4.0,1.0,25.0,0.2,0.05,0.0,0.0,0.0,18.0,15.0,0.0,2.0,48.0,13.0,0.0,0.0,0.0
Jan Paul van Hecke,nl NED,DF,Heerenveen,20-267,2000,18.0,16.0,1422.0,1.0,1.0,0.0,0.0,5.0,0.0,0.06,0.06,0.13,0.06,0.13,15.8,9.0,2.0,22.2,0.57,0.13,0.11,0.5,0.0,19.0,3.0,0.0,4.0,36.0,22.0,0.0,0.0,0.0
Freek Heerkens,nl NED,"DF,MF",Willem II,31-170,1989,11.0,10.0,821.0,0.0,1.0,0.0,0.0,2.0,0.0,0.0,0.11,0.11,0.0,0.11,9.1,3.0,0.0,0.0,0.33,0.0,0.0,0.0,0.0,8.0,6.0,0.0,6.0,13.0,18.0,0.0,0.0,0.0
Jorrit Hendrix,nl NED,"MF,DF",PSV Eindhoven,26-024,1995,9.0,3.0,411.0,0.0,0.0,0.0,0.0,0.0,0.0,0.0,0.0,0.0,0.0,0.0,4.6,3.0,0.0,0.0,0.66,0.0,0.0,0.0,0.0,6.0,6.0,1.0,6.0,7.0,3.0,0.0,0.0,0.0
Michaël Heylen,be BEL,DF,Sparta R'dam,27-058,1994,22.0,22.0,1872.0,0.0,0.0,0.0,0.0,5.0,1.0,0.0,0.0,0.0,0.0,0.0,20.8,9.0,3.0,33.3,0.43,0.14,0.0,0.0,1.0,15.0,5.0,0.0,4.0,37.0,15.0,0.0,0.0,0.0
Mees Hilgers,nl NED,DF,Twente,19-293,2001,2.0,0.0,15.0,0.0,0.0,0.0,0.0,0.0,0.0,0.0,0.0,0.0,0.0,0.0,0.2,0.0,0.0,0.0,0.0,0.0,0.0,0.0,0.0,0.0,0.0,0.0,0.0,0.0,0.0,0.0,0.0,0.0
Jeredy Hilterman,nl NED,FW,Utrecht,22-255,1998,1.0,0.0,2.0,0.0,0.0,0.0,0.0,0.0,0.0,0.0,0.0,0.0,0.0,0.0,0.0,0.0,0.0,0.0,0.0,0.0,0.0,0.0,0.0,0.0,0.0,0.0,0.0,0.0,0.0,0.0,0.0,0.0
Bart van Hintum,nl NED,DF,Groningen,34-045,1987,24.0,23.0,2048.0,1.0,3.0,0.0,0.0,3.0,0.0,0.04,0.13,0.18,0.04,0.18,22.8,6.0,2.0,33.3,0.26,0.09,0.17,0.5,0.0,16.0,10.0,1.0,74.0,50.0,29.0,0.0,0.0,0.0
Sebastian Holmén,se SWE,DF,Willem II,28-307,1992,21.0,20.0,1809.0,0.0,1.0,0.0,0.0,4.0,0.0,0.0,0.05,0.05,0.0,0.05,20.1,9.0,3.0,33.3,0.45,0.15,0.0,0.0,0.0,19.0,13.0,0.0,1.0,39.0,11.0,0.0,0.0,0.0
Justin Hoogma,nl NED,DF,Utrecht,22-264,1998,17.0,14.0,1323.0,1.0,1.0,0.0,0.0,2.0,0.0,0.07,0.07,0.14,0.07,0.14,14.7,8.0,3.0,37.5,0.54,0.2,0.13,0.33,0.0,8.0,5.0,0.0,1.0,15.0,5.0,0.0,0.0,0.0
Ajdin Hrustic,au AUS,MF,Groningen,24-240,1996,1.0,1.0,82.0,0.0,0.0,0.0,0.0,0.0,0.0,0.0,0.0,0.0,0.0,0.0,0.9,4.0,2.0,50.0,4.39,2.2,0.0,0.0,0.0,1.0,2.0,0.0,6.0,0.0,2.0,0.0,0.0,0.0
Dean Huiberts,nl NED,MF,Zwolle,20-290,2000,23.0,19.0,1573.0,0.0,0.0,0.0,0.0,5.0,0.0,0.0,0.0,0.0,0.0,0.0,17.5,16.0,5.0,31.3,0.92,0.29,0.0,0.0,0.0,25.0,26.0,1.0,5.0,23.0,27.0,0.0,0.0,0.0
Daan Huisman,nl NED,MF,Vitesse,18-219,2002,15.0,3.0,443.0,0.0,1.0,0.0,0.0,0.0,0.0,0.0,0.2,0.2,0.0,0.2,4.9,3.0,1.0,33.3,0.61,0.2,0.0,0.0,0.0,3.0,3.0,0.0,5.0,4.0,4.0,0.0,0.0,0.0
Torino Hunte,nl NED,"MF,FW",VVV-Venlo,30-078,1990,14.0,9.0,786.0,2.0,1.0,0.0,0.0,2.0,0.0,0.23,0.11,0.34,0.23,0.34,8.7,10.0,3.0,30.0,1.15,0.34,0.2,0.67,0.0,13.0,12.0,3.0,18.0,5.0,10.0,0.0,0.0,0.0
Klaas-Jan Huntelaar,nl NED,FW,Ajax,37-202,1983,11.0,3.0,391.0,7.0,1.0,1.0,1.0,0.0,0.0,1.61,0.23,1.84,1.38,1.61,4.3,20.0,10.0,50.0,4.6,2.3,0.3,0.6,0.0,1.0,0.0,2.0,1.0,1.0,3.0,0.0,0.0,0.0
Guus Hupperts,nl NED,"FW,MF",VVV-Venlo,28-311,1992,9.0,5.0,402.0,1.0,1.0,0.0,0.0,1.0,0.0,0.22,0.22,0.45,0.22,0.45,4.5,5.0,4.0,80.0,1.12,0.9,0.2,0.25,0.0,3.0,4.0,0.0,8.0,4.0,6.0,0.0,0.0,0.0
Oussama Idrissi,ma MAR,"FW,MF",Ajax,25-004,1996,1.0,0.0,32.0,0.0,0.0,0.0,0.0,0.0,0.0,0.0,0.0,0.0,0.0,0.0,0.4,1.0,1.0,100.0,2.81,2.81,0.0,0.0,0.0,2.0,0.0,0.0,0.0,0.0,0.0,0.0,0.0,0.0
Mohammed Ihattaren,nl NED,"MF,FW",PSV Eindhoven,19-018,2002,18.0,13.0,1022.0,2.0,1.0,0.0,0.0,0.0,0.0,0.18,0.09,0.26,0.18,0.26,11.4,35.0,16.0,45.7,3.08,1.41,0.06,0.13,0.0,6.0,10.0,2.0,42.0,6.0,3.0,0.0,0.0,0.0
Luka Ilić,rs SRB,"MF,FW",Twente,21-243,1999,15.0,10.0,933.0,2.0,2.0,0.0,0.0,1.0,1.0,0.19,0.19,0.39,0.19,0.39,10.4,18.0,4.0,22.2,1.74,0.39,0.11,0.5,0.0,7.0,7.0,1.0,13.0,12.0,12.0,0.0,0.0,0.0
Ko Itakura,jp JPN,DF,Groningen,24-034,1997,24.0,24.0,2160.0,1.0,0.0,0.0,0.0,1.0,0.0,0.04,0.0,0.04,0.04,0.04,24.0,11.0,2.0,18.2,0.46,0.08,0.09,0.5,0.0,14.0,11.0,0.0,2.0,51.0,24.0,0.0,0.0,0.0
Jarosław Jach,pl POL,DF,Fortuna Sittard,27-013,1994,3.0,2.0,195.0,0.0,0.0,0.0,0.0,1.0,0.0,0.0,0.0,0.0,0.0,0.0,2.2,1.0,0.0,0.0,0.46,0.0,0.0,0.0,0.0,1.0,1.0,0.0,0.0,6.0,5.0,0.0,0.0,1.0
Daryl Janmaat,nl NED,DF,ADO Den Haag,31-223,1989,2.0,2.0,159.0,0.0,0.0,0.0,0.0,0.0,0.0,0.0,0.0,0.0,0.0,0.0,1.8,2.0,0.0,0.0,1.13,0.0,0.0,0.0,0.0,1.0,0.0,0.0,1.0,1.0,1.0,0.0,0.0,0.0
Anco Jansen,nl NED,"MF,FW",Emmen,31-358,1989,17.0,8.0,639.0,1.0,0.0,1.0,1.0,2.0,1.0,0.14,0.0,0.14,0.0,0.0,7.1,6.0,2.0,33.3,0.85,0.28,0.0,0.0,0.0,11.0,13.0,3.0,43.0,2.0,7.0,0.0,0.0,0.0
Roel Janssen,nl NED,DF,Fortuna Sittard,30-259,1990,21.0,21.0,1857.0,0.0,0.0,0.0,0.0,7.0,0.0,0.0,0.0,0.0,0.0,0.0,20.6,6.0,2.0,33.3,0.29,0.1,0.0,0.0,0.0,22.0,19.0,0.0,4.0,42.0,22.0,0.0,0.0,0.0
Simon Janssen,nl NED,MF,VVV-Venlo,20-158,2000,10.0,5.0,511.0,0.0,0.0,0.0,0.0,0.0,1.0,0.0,0.0,0.0,0.0,0.0,5.7,3.0,0.0,0.0,0.53,0.0,0.0,0.0,0.0,10.0,4.0,0.0,4.0,5.0,4.0,0.0,0.0,0.0
Willem Janssen,nl NED,DF,Utrecht,34-241,1986,12.0,10.0,835.0,0.0,0.0,0.0,0.0,2.0,0.0,0.0,0.0,0.0,0.0,0.0,9.3,6.0,1.0,16.7,0.65,0.11,0.0,0.0,0.0,17.0,4.0,0.0,1.0,16.0,8.0,0.0,0.0,0.0
Victor Jensen,dk DEN,MF,Ajax,21-022,2000,1.0,0.0,16.0,0.0,0.0,0.0,0.0,0.0,0.0,0.0,0.0,0.0,0.0,0.0,0.2,0.0,0.0,0.0,0.0,0.0,0.0,0.0,0.0,0.0,0.0,0.0,0.0,0.0,0.0,0.0,0.0,0.0
Alexander Jeremejeff,se SWE,FW,Twente,27-141,1993,9.0,0.0,125.0,1.0,0.0,0.0,0.0,0.0,0.0,0.72,0.0,0.72,0.72,0.72,1.4,3.0,2.0,66.7,2.16,1.44,0.33,0.5,0.0,5.0,0.0,6.0,0.0,0.0,0.0,0.0,0.0,0.0
Joshua John,nl NED,"FW,MF",VVV-Venlo,32-152,1988,16.0,10.0,858.0,1.0,1.0,0.0,0.0,1.0,0.0,0.1,0.1,0.21,0.1,0.21,9.5,15.0,5.0,33.3,1.57,0.52,0.07,0.2,0.0,8.0,8.0,7.0,58.0,7.0,6.0,0.0,0.0,0.0
Ola John,nl NED,"FW,MF",RKC Waalwijk,28-287,1992,16.0,10.0,697.0,2.0,2.0,0.0,0.0,0.0,0.0,0.26,0.26,0.52,0.26,0.52,7.7,20.0,9.0,45.0,2.58,1.16,0.1,0.22,0.0,3.0,9.0,1.0,57.0,1.0,4.0,0.0,0.0,0.0
George Johnston,sco SCO,DF,Feyenoord,22-182,1998,4.0,1.0,119.0,0.0,0.0,0.0,0.0,0.0,0.0,0.0,0.0,0.0,0.0,0.0,1.3,0.0,0.0,0.0,0.0,0.0,0.0,0.0,0.0,0.0,1.0,0.0,2.0,4.0,1.0,0.0,0.0,0.0
Siem de Jong,nl NED,"MF,FW",Heerenveen,32-033,1989,10.0,9.0,694.0,1.0,2.0,0.0,0.0,1.0,0.0,0.13,0.26,0.39,0.13,0.39,7.7,17.0,5.0,29.4,2.2,0.65,0.06,0.2,0.0,8.0,9.0,2.0,2.0,3.0,8.0,0.0,0.0,0.0
Patrick Joosten,nl NED,"FW,MF",Groningen,24-322,1996,16.0,10.0,726.0,3.0,1.0,0.0,0.0,1.0,0.0,0.37,0.12,0.5,0.37,0.5,8.1,16.0,5.0,31.3,1.98,0.62,0.19,0.6,0.0,7.0,9.0,2.0,32.0,1.0,2.0,0.0,0.0,0.0
Mauro Júnior,br BRA,"MF,DF",PSV Eindhoven,21-300,1999,19.0,12.0,1010.0,2.0,1.0,0.0,0.0,1.0,0.0,0.18,0.09,0.27,0.18,0.27,11.2,13.0,5.0,38.5,1.16,0.45,0.15,0.4,0.0,16.0,17.0,3.0,25.0,15.0,15.0,0.0,0.0,0.0
Nicolai Jørgensen,dk DEN,FW,Feyenoord,30-046,1991,17.0,10.0,946.0,3.0,0.0,0.0,0.0,0.0,0.0,0.29,0.0,0.29,0.29,0.29,10.5,24.0,10.0,41.7,2.28,0.95,0.13,0.3,0.0,11.0,16.0,6.0,5.0,0.0,4.0,0.0,0.0,0.0
Daniël van Kaam,nl NED,MF,Groningen,20-252,2000,24.0,23.0,2006.0,1.0,0.0,0.0,0.0,0.0,0.0,0.04,0.0,0.04,0.04,0.04,22.3,21.0,5.0,23.8,0.94,0.22,0.05,0.2,0.0,10.0,11.0,1.0,18.0,28.0,13.0,0.0,0.0,0.0
Joël van Kaam,nl NED,"MF,FW",Groningen,18-359,2002,5.0,3.0,226.0,0.0,0.0,0.0,0.0,1.0,0.0,0.0,0.0,0.0,0.0,0.0,2.5,3.0,1.0,33.3,1.19,0.4,0.0,0.0,0.0,9.0,3.0,1.0,10.0,5.0,4.0,0.0,0.0,0.0
Rami Kaib,se SWE,DF,Heerenveen,23-298,1997,7.0,6.0,518.0,0.0,1.0,0.0,0.0,1.0,0.0,0.0,0.17,0.17,0.0,0.17,5.8,0.0,0.0,0.0,0.0,0.0,0.0,0.0,0.0,11.0,2.0,1.0,27.0,8.0,6.0,0.0,0.0,0.0
Nikos Karelis,gr GRE,FW,ADO Den Haag,29-006,1992,9.0,2.0,301.0,0.0,0.0,0.0,0.0,1.0,0.0,0.0,0.0,0.0,0.0,0.0,3.3,4.0,0.0,0.0,1.2,0.0,0.0,0.0,0.0,3.0,3.0,1.0,2.0,0.0,2.0,0.0,0.0,0.0
Jesper Karlsson,se SWE,"FW,MF",AZ Alkmaar,22-220,1998,22.0,22.0,1669.0,7.0,6.0,1.0,1.0,0.0,0.0,0.38,0.32,0.7,0.32,0.65,18.5,53.0,25.0,47.2,2.86,1.35,0.11,0.24,0.0,6.0,16.0,1.0,108.0,15.0,9.0,0.0,0.0,0.0
Arian Kastrati,nl NED,MF,Fortuna Sittard,19-230,2001,5.0,0.0,31.0,0.0,0.0,0.0,0.0,0.0,0.0,0.0,0.0,0.0,0.0,0.0,0.3,0.0,0.0,0.0,0.0,0.0,0.0,0.0,0.0,2.0,1.0,0.0,0.0,1.0,1.0,0.0,0.0,0.0
Boy Kemper,nl NED,DF,ADO Den Haag,21-254,1999,17.0,17.0,1407.0,1.0,0.0,0.0,0.0,3.0,1.0,0.06,0.0,0.06,0.06,0.06,15.6,6.0,2.0,33.3,0.38,0.13,0.17,0.5,1.0,12.0,16.0,0.0,15.0,22.0,11.0,0.0,0.0,0.0
Gyrano Kerk,nl NED,FW,Utrecht,25-090,1995,23.0,22.0,1969.0,4.0,4.0,0.0,0.0,3.0,0.0,0.18,0.18,0.37,0.18,0.37,21.9,56.0,27.0,48.2,2.56,1.23,0.07,0.15,0.0,37.0,25.0,11.0,92.0,18.0,8.0,0.0,0.0,0.0
Sam Kersten,nl NED,DF,Zwolle,23-031,1998,22.0,22.0,1890.0,0.0,0.0,0.0,0.0,4.0,0.0,0.0,0.0,0.0,0.0,0.0,21.0,7.0,1.0,14.3,0.33,0.05,0.0,0.0,0.0,20.0,4.0,0.0,0.0,37.0,22.0,0.0,0.0,0.0
Reda Kharchouch,nl NED,FW,Sparta R'dam,25-187,1995,11.0,0.0,233.0,2.0,0.0,1.0,1.0,0.0,0.0,0.77,0.0,0.77,0.39,0.39,2.6,8.0,3.0,37.5,3.09,1.16,0.13,0.33,0.0,5.0,3.0,2.0,4.0,1.0,1.0,0.0,0.0,0.0
Abdenasser El Khayati,nl NED,MF,ADO Den Haag,32-023,1989,3.0,3.0,214.0,0.0,0.0,0.0,0.0,0.0,0.0,0.0,0.0,0.0,0.0,0.0,2.4,1.0,0.0,0.0,0.42,0.0,0.0,0.0,0.0,0.0,2.0,0.0,5.0,0.0,1.0,0.0,0.0,0.0
Orestis Kiomourtzoglou,de GER,MF,Heracles Almelo,22-299,1998,20.0,15.0,1320.0,0.0,0.0,0.0,0.0,3.0,0.0,0.0,0.0,0.0,0.0,0.0,14.7,13.0,2.0,15.4,0.89,0.14,0.0,0.0,0.0,26.0,21.0,1.0,1.0,27.0,22.0,0.0,0.0,0.0
Thorsten Kirschbaum,de GER,GK,VVV-Venlo,33-316,1987,19.0,19.0,1665.0,0.0,0.0,0.0,0.0,1.0,0.0,0.0,0.0,0.0,0.0,0.0,18.5,1.0,0.0,0.0,0.05,0.0,0.0,0.0,0.0,0.0,1.0,0.0,0.0,0.0,0.0,0.0,0.0,0.0
Ricardo Kishna,nl NED,"FW,MF",ADO Den Haag,26-057,1995,10.0,7.0,479.0,0.0,0.0,0.0,0.0,1.0,0.0,0.0,0.0,0.0,0.0,0.0,5.3,6.0,1.0,16.7,1.13,0.19,0.0,0.0,0.0,3.0,4.0,3.0,11.0,3.0,4.0,0.0,0.0,0.0
Mathias Kjølø,no NOR,MF,PSV Eindhoven,19-248,2001,1.0,0.0,3.0,0.0,0.0,0.0,0.0,0.0,0.0,0.0,0.0,0.0,0.0,0.0,0.0,0.0,0.0,0.0,0.0,0.0,0.0,0.0,0.0,0.0,0.0,0.0,0.0,0.0,0.0,0.0,0.0,0.0
Davy Klaassen,nl NED,MF,Ajax,28-009,1993,19.0,18.0,1501.0,8.0,2.0,1.0,2.0,1.0,0.0,0.48,0.12,0.6,0.42,0.54,16.7,24.0,15.0,62.5,1.44,0.9,0.29,0.47,0.0,25.0,11.0,0.0,12.0,16.0,9.0,0.0,0.0,0.0
Sean Klaiber,nl NED,DF,Ajax,26-214,1994,10.0,6.0,630.0,0.0,2.0,0.0,0.0,1.0,0.0,0.0,0.29,0.29,0.0,0.29,7.0,9.0,2.0,22.2,1.29,0.29,0.0,0.0,0.0,9.0,7.0,0.0,17.0,12.0,17.0,0.0,0.0,0.0
Sean Klaiber,nl NED,DF,Utrecht,26-214,1994,2.0,2.0,180.0,1.0,0.0,0.0,0.0,0.0,0.0,0.5,0.0,0.5,0.5,0.5,2.0,5.0,2.0,40.0,2.5,1.0,0.2,0.5,0.0,1.0,1.0,0.0,6.0,7.0,5.0,0.0,0.0,0.0
Mats Knoester,nl NED,DF,Heracles Almelo,22-103,1998,18.0,15.0,1358.0,1.0,0.0,0.0,0.0,2.0,0.0,0.07,0.0,0.07,0.07,0.07,15.1,8.0,2.0,25.0,0.53,0.13,0.13,0.5,0.0,9.0,9.0,0.0,3.0,20.0,15.0,0.0,0.0,0.0
Mats Köhlert,de GER,"FW,MF",Willem II,22-304,1998,22.0,14.0,1187.0,0.0,2.0,0.0,0.0,1.0,0.0,0.0,0.15,0.15,0.0,0.15,13.2,15.0,5.0,33.3,1.14,0.38,0.0,0.0,0.0,16.0,24.0,2.0,38.0,20.0,9.0,0.0,0.0,0.0
Derrick Köhn,de GER,DF,Willem II,22-026,1999,21.0,20.0,1692.0,0.0,0.0,0.0,0.0,3.0,1.0,0.0,0.0,0.0,0.0,0.0,18.8,13.0,3.0,23.1,0.69,0.16,0.0,0.0,0.0,24.0,26.0,0.0,30.0,26.0,25.0,0.0,0.0,0.0
Orkun Kökçü,tr TUR,MF,Feyenoord,20-063,2000,14.0,12.0,921.0,1.0,0.0,0.0,0.0,1.0,1.0,0.1,0.0,0.1,0.1,0.1,10.2,26.0,10.0,38.5,2.54,0.98,0.04,0.1,0.0,10.0,13.0,0.0,46.0,6.0,8.0,0.0,0.0,0.0
Marko Kolar,hr CRO,"FW,MF",Emmen,25-275,1995,12.0,9.0,649.0,1.0,1.0,0.0,0.0,1.0,0.0,0.14,0.14,0.28,0.14,0.28,7.2,11.0,4.0,36.4,1.53,0.55,0.09,0.25,0.0,6.0,8.0,2.0,3.0,2.0,4.0,0.0,0.0,0.0
Rodney Kongolo,nl NED,MF,Heerenveen,23-052,1998,23.0,20.0,1881.0,1.0,4.0,0.0,0.0,4.0,0.0,0.05,0.19,0.24,0.05,0.24,20.9,7.0,2.0,28.6,0.33,0.1,0.14,0.5,0.0,35.0,23.0,1.0,4.0,38.0,26.0,0.0,0.0,0.0
Luuk Koopmans,nl NED,GK,ADO Den Haag,27-104,1993,19.0,19.0,1710.0,0.0,0.0,0.0,0.0,0.0,0.0,0.0,0.0,0.0,0.0,0.0,19.0,0.0,0.0,0.0,0.0,0.0,0.0,0.0,0.0,0.0,2.0,0.0,0.0,0.0,0.0,0.0,0.0,0.0
Teun Koopmeiners,nl NED,MF,AZ Alkmaar,23-002,1998,24.0,24.0,2160.0,13.0,4.0,7.0,10.0,2.0,0.0,0.54,0.17,0.71,0.25,0.42,24.0,42.0,22.0,52.4,1.75,0.92,0.14,0.27,0.0,20.0,16.0,1.0,67.0,30.0,43.0,0.0,0.0,0.0
Alexei Koșelev,md MDA,GK,Fortuna Sittard,27-103,1993,8.0,6.0,616.0,0.0,0.0,0.0,0.0,0.0,0.0,0.0,0.0,0.0,0.0,0.0,6.8,0.0,0.0,0.0,0.0,0.0,0.0,0.0,0.0,0.0,0.0,0.0,0.0,1.0,0.0,0.0,0.0,0.0
Michiel Kramer,nl NED,FW,ADO Den Haag,32-089,1988,23.0,18.0,1597.0,5.0,2.0,0.0,0.0,3.0,0.0,0.28,0.11,0.39,0.28,0.39,17.7,34.0,15.0,44.1,1.92,0.85,0.15,0.33,0.0,22.0,18.0,11.0,4.0,7.0,9.0,0.0,0.0,0.0
Mohammed Kudus,gh GHA,MF,Ajax,20-212,2000,7.0,4.0,377.0,2.0,3.0,0.0,0.0,1.0,0.0,0.48,0.72,1.19,0.48,1.19,4.2,9.0,3.0,33.3,2.15,0.72,0.22,0.67,0.0,5.0,9.0,1.0,6.0,5.0,7.0,0.0,0.0,0.0
Christian Kum,nl NED,DF,VVV-Venlo,35-170,1985,18.0,11.0,1033.0,0.0,1.0,0.0,0.0,1.0,2.0,0.0,0.09,0.09,0.0,0.09,11.5,7.0,2.0,28.6,0.61,0.17,0.0,0.0,0.0,17.0,6.0,0.0,3.0,35.0,12.0,0.0,0.0,0.0
Ahmed Kutucu,tr TUR,FW,Heracles Almelo,21-001,2000,7.0,3.0,269.0,0.0,1.0,0.0,0.0,1.0,0.0,0.0,0.33,0.33,0.0,0.33,3.0,6.0,2.0,33.3,2.01,0.67,0.0,0.0,0.0,3.0,3.0,0.0,2.0,0.0,1.0,0.0,0.0,0.0
Didier La Torre,pe PER,FW,Emmen,18-346,2002,1.0,0.0,11.0,0.0,0.0,0.0,0.0,0.0,0.0,0.0,0.0,0.0,0.0,0.0,0.1,0.0,0.0,0.0,0.0,0.0,0.0,0.0,0.0,0.0,0.0,0.0,1.0,0.0,0.0,0.0,0.0,0.0
Luca de la Torre,us USA,"MF,FW",Heracles Almelo,22-283,1998,22.0,16.0,1527.0,0.0,2.0,0.0,0.0,0.0,0.0,0.0,0.12,0.12,0.0,0.12,17.0,16.0,2.0,12.5,0.94,0.12,0.0,0.0,0.0,10.0,22.0,0.0,20.0,22.0,25.0,0.0,0.0,0.0
Zakaria Labyad,ma MAR,"MF,FW",Ajax,27-358,1993,18.0,12.0,917.0,5.0,5.0,0.0,0.0,0.0,0.0,0.49,0.49,0.98,0.49,0.98,10.2,33.0,17.0,51.5,3.24,1.67,0.15,0.29,0.0,16.0,10.0,6.0,45.0,6.0,5.0,0.0,0.0,0.0
Samir Lagsir,nl NED,MF,Zwolle,17-286,2003,2.0,0.0,18.0,0.0,0.0,0.0,0.0,0.0,0.0,0.0,0.0,0.0,0.0,0.0,0.2,0.0,0.0,0.0,0.0,0.0,0.0,0.0,0.0,0.0,0.0,0.0,0.0,0.0,0.0,0.0,0.0,0.0
Thomas Lam,fi FIN,"DF,MF",Zwolle,27-074,1993,17.0,14.0,1276.0,2.0,0.0,1.0,1.0,3.0,2.0,0.14,0.0,0.14,0.07,0.07,14.2,18.0,7.0,38.9,1.27,0.49,0.06,0.14,0.0,25.0,11.0,0.0,6.0,18.0,11.0,0.0,0.0,0.0
Sam Lammers,nl NED,FW,PSV Eindhoven,23-306,1997,1.0,1.0,50.0,0.0,0.0,0.0,0.0,0.0,0.0,0.0,0.0,0.0,0.0,0.0,0.6,1.0,0.0,0.0,1.8,0.0,0.0,0.0,0.0,0.0,0.0,0.0,0.0,0.0,0.0,0.0,0.0,0.0
Kostas Lamprou,gr GRE,GK,RKC Waalwijk,29-165,1991,24.0,24.0,2160.0,0.0,0.0,0.0,0.0,1.0,0.0,0.0,0.0,0.0,0.0,0.0,24.0,0.0,0.0,0.0,0.0,0.0,0.0,0.0,0.0,0.0,2.0,0.0,0.0,0.0,3.0,0.0,0.0,0.0
Lazaros Lamprou,gr GRE,"FW,MF",Twente,23-073,1997,7.0,0.0,167.0,0.0,0.0,0.0,0.0,1.0,0.0,0.0,0.0,0.0,0.0,0.0,1.9,5.0,2.0,40.0,2.69,1.08,0.0,0.0,0.0,1.0,2.0,0.0,6.0,0.0,0.0,0.0,0.0,0.0
Noa Lang,nl NED,"FW,MF",Ajax,21-258,1999,1.0,0.0,8.0,0.0,0.0,0.0,0.0,0.0,0.0,0.0,0.0,0.0,0.0,0.0,0.1,0.0,0.0,0.0,0.0,0.0,0.0,0.0,0.0,0.0,0.0,0.0,1.0,0.0,1.0,0.0,0.0,0.0
Nikolai Laursen,dk DEN,"MF,FW",Emmen,23-011,1998,21.0,14.0,1305.0,2.0,0.0,0.0,0.0,1.0,1.0,0.14,0.0,0.14,0.14,0.14,14.5,30.0,11.0,36.7,2.07,0.76,0.07,0.18,0.0,11.0,15.0,2.0,14.0,9.0,10.0,0.0,0.0,0.0
Richy Ledezma,us USA,MF,PSV Eindhoven,20-177,2000,3.0,1.0,93.0,0.0,1.0,0.0,0.0,1.0,0.0,0.0,0.97,0.97,0.0,0.97,1.0,1.0,0.0,0.0,0.97,0.0,0.0,0.0,0.0,1.0,0.0,0.0,6.0,0.0,0.0,0.0,0.0,0.0
Clint Leemans,nl NED,FW,Zwolle,25-168,1995,16.0,7.0,592.0,3.0,1.0,0.0,0.0,1.0,0.0,0.46,0.15,0.61,0.46,0.61,6.6,15.0,7.0,46.7,2.28,1.06,0.2,0.43,0.0,3.0,5.0,1.0,42.0,6.0,2.0,0.0,0.0,0.0
Benjamin van Leer,nl NED,GK,Sparta R'dam,28-327,1992,6.0,6.0,540.0,0.0,0.0,0.0,0.0,0.0,0.0,0.0,0.0,0.0,0.0,0.0,6.0,0.0,0.0,0.0,0.0,0.0,0.0,0.0,0.0,0.0,1.0,0.0,0.0,0.0,0.0,0.0,0.0,0.0
Michael de Leeuw,nl NED,"FW,MF",Emmen,34-146,1986,20.0,20.0,1754.0,7.0,1.0,0.0,0.0,4.0,0.0,0.36,0.05,0.41,0.36,0.41,19.5,34.0,15.0,44.1,1.74,0.77,0.21,0.47,0.0,31.0,18.0,18.0,10.0,8.0,5.0,0.0,0.0,0.0
Thijs van Leeuwen,nl NED,"MF,FW",Twente,19-230,2001,14.0,2.0,247.0,3.0,0.0,0.0,0.0,1.0,0.0,1.09,0.0,1.09,1.09,1.09,2.7,8.0,5.0,62.5,2.91,1.82,0.38,0.6,0.0,9.0,4.0,0.0,3.0,2.0,4.0,0.0,0.0,0.0
Ramon Leeuwin,nl NED,DF,AZ Alkmaar,33-182,1987,4.0,1.0,118.0,0.0,0.0,0.0,0.0,0.0,0.0,0.0,0.0,0.0,0.0,0.0,1.3,0.0,0.0,0.0,0.0,0.0,0.0,0.0,0.0,1.0,3.0,0.0,0.0,1.0,0.0,0.0,0.0,0.0
Mateo Leš,hr CRO,DF,Heracles Almelo,20-342,2000,1.0,0.0,21.0,0.0,0.0,0.0,0.0,0.0,0.0,0.0,0.0,0.0,0.0,0.0,0.2,0.0,0.0,0.0,0.0,0.0,0.0,0.0,0.0,0.0,0.0,0.0,0.0,0.0,1.0,0.0,0.0,0.0
Timo Letschert,nl NED,DF,AZ Alkmaar,27-281,1993,12.0,8.0,730.0,0.0,1.0,0.0,0.0,0.0,0.0,0.0,0.12,0.12,0.0,0.12,8.1,2.0,1.0,50.0,0.25,0.12,0.0,0.0,0.0,6.0,7.0,1.0,2.0,12.0,6.0,0.0,0.0,0.0
Bryan Linssen,nl NED,FW,Feyenoord,30-145,1990,21.0,19.0,1436.0,6.0,1.0,0.0,0.0,2.0,0.0,0.38,0.06,0.44,0.38,0.44,16.0,53.0,15.0,28.3,3.32,0.94,0.11,0.4,0.0,28.0,12.0,13.0,17.0,12.0,12.0,0.0,0.0,0.0
Evert Linthorst,nl NED,MF,VVV-Venlo,20-364,2000,16.0,15.0,1312.0,2.0,3.0,0.0,0.0,1.0,0.0,0.14,0.21,0.34,0.14,0.34,14.6,11.0,4.0,36.4,0.75,0.27,0.18,0.5,0.0,27.0,16.0,1.0,5.0,17.0,21.0,0.0,0.0,0.0
Ulysses Llanez,us USA,FW,Heerenveen,19-334,2001,5.0,0.0,95.0,0.0,0.0,0.0,0.0,0.0,0.0,0.0,0.0,0.0,0.0,0.0,1.1,1.0,1.0,100.0,0.95,0.95,0.0,0.0,0.0,0.0,2.0,0.0,2.0,1.0,2.0,0.0,0.0,0.0
Pol Llonch,es ESP,MF,Willem II,28-146,1992,17.0,16.0,1451.0,0.0,0.0,0.0,0.0,5.0,1.0,0.0,0.0,0.0,0.0,0.0,16.1,7.0,3.0,42.9,0.43,0.19,0.0,0.0,1.0,28.0,25.0,0.0,3.0,25.0,41.0,0.0,0.0,0.0
Kasper Lunding,dk DEN,FW,Heracles Almelo,21-228,1999,11.0,1.0,227.0,0.0,1.0,0.0,0.0,1.0,0.0,0.0,0.4,0.4,0.0,0.4,2.5,3.0,1.0,33.3,1.19,0.4,0.0,0.0,0.0,7.0,2.0,2.0,6.0,2.0,4.0,0.0,0.0,0.0
Ramon Lundqvist,se SWE,MF,Groningen,23-296,1997,17.0,11.0,1033.0,1.0,1.0,0.0,0.0,1.0,0.0,0.09,0.09,0.17,0.09,0.17,11.5,19.0,4.0,21.1,1.66,0.35,0.05,0.25,0.0,9.0,17.0,1.0,57.0,7.0,8.0,0.0,0.0,0.0
Thierry Lutonda,be BEL,DF,RKC Waalwijk,20-126,2000,14.0,2.0,382.0,0.0,1.0,0.0,0.0,1.0,0.0,0.0,0.24,0.24,0.0,0.24,4.2,1.0,0.0,0.0,0.24,0.0,0.0,0.0,0.0,3.0,6.0,0.0,14.0,8.0,7.0,0.0,0.0,0.0
Zinédine Machach,fr FRA,"MF,FW",VVV-Venlo,25-056,1996,17.0,13.0,1036.0,0.0,5.0,0.0,0.0,2.0,0.0,0.0,0.43,0.43,0.0,0.43,11.5,13.0,3.0,23.1,1.13,0.26,0.0,0.0,0.0,27.0,14.0,1.0,27.0,5.0,9.0,0.0,0.0,0.0
Chukwunonso Madueke,eng ENG,"FW,MF",PSV Eindhoven,18-357,2002,16.0,6.0,698.0,6.0,4.0,0.0,0.0,1.0,0.0,0.77,0.52,1.29,0.77,1.29,7.8,23.0,10.0,43.5,2.97,1.29,0.26,0.6,0.0,7.0,10.0,3.0,11.0,3.0,3.0,0.0,0.0,0.0
Adam Maher,nl NED,MF,Utrecht,27-225,1993,15.0,15.0,1322.0,1.0,3.0,1.0,2.0,2.0,0.0,0.07,0.2,0.27,0.0,0.2,14.7,21.0,7.0,33.3,1.43,0.48,0.0,0.0,0.0,26.0,38.0,0.0,123.0,36.0,29.0,0.0,0.0,0.0
Mimoun Mahi,ma MAR,FW,Utrecht,26-354,1994,17.0,10.0,1026.0,6.0,2.0,0.0,0.0,0.0,0.0,0.53,0.18,0.7,0.53,0.7,11.4,52.0,23.0,44.2,4.56,2.02,0.12,0.26,0.0,12.0,14.0,7.0,23.0,2.0,3.0,0.0,0.0,0.0
Tyrell Malacia,nl NED,DF,Feyenoord,21-197,1999,17.0,16.0,1442.0,0.0,1.0,0.0,0.0,1.0,0.0,0.0,0.06,0.06,0.0,0.06,16.0,12.0,0.0,0.0,0.75,0.0,0.0,0.0,0.0,19.0,22.0,3.0,63.0,20.0,15.0,0.0,0.0,0.0
Donyell Malen,nl NED,FW,PSV Eindhoven,22-042,1999,23.0,17.0,1669.0,14.0,6.0,0.0,2.0,1.0,0.0,0.75,0.32,1.08,0.75,1.08,18.5,80.0,40.0,50.0,4.31,2.16,0.18,0.35,0.0,6.0,20.0,14.0,29.0,10.0,3.0,0.0,0.0,0.0
Million Manhoef,nl NED,DF,Vitesse,19-058,2002,7.0,2.0,207.0,0.0,1.0,0.0,0.0,0.0,0.0,0.0,0.43,0.43,0.0,0.43,2.3,2.0,0.0,0.0,0.87,0.0,0.0,0.0,0.0,4.0,1.0,2.0,3.0,0.0,1.0,0.0,0.0,0.0
Benson Manuel,be BEL,"FW,MF",Zwolle,23-339,1997,5.0,4.0,405.0,0.0,3.0,0.0,0.0,1.0,0.0,0.0,0.67,0.67,0.0,0.67,4.5,20.0,6.0,30.0,4.44,1.33,0.0,0.0,0.0,0.0,11.0,0.0,20.0,2.0,4.0,0.0,0.0,0.0
Nathan Markelo,nl NED,MF,Twente,22-054,1999,7.0,0.0,109.0,0.0,0.0,0.0,0.0,0.0,0.0,0.0,0.0,0.0,0.0,0.0,1.2,0.0,0.0,0.0,0.0,0.0,0.0,0.0,0.0,0.0,3.0,0.0,0.0,4.0,7.0,0.0,0.0,0.0
Nick Marsman,nl NED,GK,Feyenoord,30-152,1990,16.0,16.0,1440.0,0.0,0.0,0.0,0.0,1.0,0.0,0.0,0.0,0.0,0.0,0.0,16.0,0.0,0.0,0.0,0.0,0.0,0.0,0.0,0.0,1.0,1.0,0.0,0.0,2.0,0.0,0.0,0.0,0.0
Lisandro Martínez,ar ARG,DF,Ajax,23-043,1998,15.0,6.0,765.0,2.0,0.0,0.0,0.0,1.0,0.0,0.24,0.0,0.24,0.24,0.24,8.5,23.0,5.0,21.7,2.71,0.59,0.09,0.4,0.0,12.0,5.0,1.0,12.0,13.0,12.0,0.0,0.0,0.0
Bruno Martins Indi,nl NED,DF,AZ Alkmaar,29-022,1992,17.0,17.0,1426.0,1.0,1.0,0.0,0.0,3.0,1.0,0.06,0.06,0.13,0.06,0.13,15.8,4.0,1.0,25.0,0.25,0.06,0.25,1.0,1.0,14.0,5.0,0.0,3.0,21.0,7.0,0.0,0.0,0.0
Azor Matusiwa,nl NED,MF,Groningen,22-308,1998,15.0,15.0,1247.0,0.0,0.0,0.0,0.0,2.0,0.0,0.0,0.0,0.0,0.0,0.0,13.9,3.0,0.0,0.0,0.22,0.0,0.0,0.0,0.0,10.0,23.0,0.0,0.0,50.0,18.0,0.0,0.0,0.0
Philipp Max,de GER,DF,PSV Eindhoven,27-153,1993,21.0,19.0,1723.0,5.0,6.0,2.0,3.0,2.0,0.0,0.26,0.31,0.57,0.16,0.47,19.1,26.0,12.0,46.2,1.36,0.63,0.12,0.25,0.0,12.0,12.0,6.0,165.0,18.0,29.0,0.0,0.0,0.0
Noussair Mazraoui,ma MAR,DF,Ajax,23-108,1997,15.0,15.0,1101.0,0.0,1.0,0.0,0.0,0.0,0.0,0.0,0.08,0.08,0.0,0.08,12.2,9.0,2.0,22.2,0.74,0.16,0.0,0.0,0.0,9.0,14.0,0.0,34.0,28.0,18.0,0.0,0.0,0.0
Aaron Meijers,nl NED,"DF,MF",Sparta R'dam,33-125,1987,13.0,3.0,385.0,0.0,1.0,0.0,0.0,1.0,0.0,0.0,0.23,0.23,0.0,0.23,4.3,3.0,0.0,0.0,0.7,0.0,0.0,0.0,0.0,5.0,7.0,0.0,25.0,3.0,5.0,0.0,0.0,0.0
Queensy Menig,nl NED,"FW,MF",Twente,25-195,1995,22.0,22.0,1823.0,8.0,0.0,0.0,0.0,2.0,0.0,0.39,0.0,0.39,0.39,0.39,20.3,49.0,26.0,53.1,2.42,1.28,0.16,0.31,0.0,20.0,15.0,4.0,39.0,14.0,19.0,0.0,0.0,0.0
Ahmed El Messaoudi,ma MAR,MF,Groningen,25-211,1995,18.0,16.0,1458.0,6.0,2.0,0.0,0.0,2.0,0.0,0.37,0.12,0.49,0.37,0.49,16.2,34.0,13.0,38.2,2.1,0.8,0.18,0.46,0.0,32.0,17.0,2.0,10.0,25.0,18.0,0.0,0.0,0.0
Melle Meulensteen,nl NED,DF,RKC Waalwijk,21-241,1999,23.0,23.0,2070.0,0.0,2.0,0.0,0.0,2.0,0.0,0.0,0.09,0.09,0.0,0.09,23.0,17.0,5.0,29.4,0.74,0.22,0.0,0.0,0.0,14.0,12.0,0.0,5.0,44.0,24.0,0.0,0.0,0.0
Fredrik Midtsjø,no NOR,MF,AZ Alkmaar,27-203,1993,23.0,23.0,2022.0,2.0,5.0,0.0,0.0,2.0,1.0,0.09,0.22,0.31,0.09,0.31,22.5,18.0,8.0,44.4,0.8,0.36,0.11,0.25,1.0,30.0,38.0,2.0,60.0,49.0,26.0,0.0,0.0,0.0
Miguel,es ESP,"MF,DF",Groningen,24-029,1997,9.0,2.0,250.0,0.0,0.0,0.0,0.0,0.0,0.0,0.0,0.0,0.0,0.0,0.0,2.8,1.0,0.0,0.0,0.36,0.0,0.0,0.0,0.0,3.0,3.0,0.0,5.0,5.0,3.0,0.0,0.0,0.0
Sven Mijnans,nl NED,MF,Sparta R'dam,20-358,2000,21.0,13.0,1080.0,2.0,3.0,0.0,0.0,2.0,0.0,0.17,0.25,0.42,0.17,0.42,12.0,22.0,7.0,31.8,1.83,0.58,0.09,0.29,0.0,17.0,10.0,1.0,54.0,21.0,19.0,0.0,0.0,0.0
David Min,nl NED,FW,RKC Waalwijk,21-252,1999,4.0,0.0,84.0,1.0,0.0,0.0,0.0,0.0,0.0,1.07,0.0,1.07,1.07,1.07,0.9,2.0,2.0,100.0,2.14,2.14,0.5,0.5,0.0,1.0,1.0,0.0,0.0,0.0,3.0,0.0,0.0,0.0
Virgil Misidjan,nl NED,"FW,MF",Zwolle,27-221,1993,9.0,7.0,610.0,3.0,1.0,0.0,0.0,1.0,0.0,0.44,0.15,0.59,0.44,0.59,6.8,20.0,8.0,40.0,2.95,1.18,0.15,0.38,0.0,10.0,25.0,4.0,32.0,7.0,9.0,0.0,0.0,0.0
Youness Mokhtar,ma MAR,"FW,MF",ADO Den Haag,29-185,1991,4.0,3.0,218.0,0.0,0.0,0.0,0.0,0.0,0.0,0.0,0.0,0.0,0.0,0.0,2.4,3.0,0.0,0.0,1.24,0.0,0.0,0.0,0.0,1.0,4.0,2.0,2.0,3.0,1.0,0.0,0.0,0.0
Sylian Mokono,nl NED,DF,Utrecht,21-345,1999,2.0,0.0,46.0,0.0,0.0,0.0,0.0,0.0,0.0,0.0,0.0,0.0,0.0,0.0,0.5,0.0,0.0,0.0,0.0,0.0,0.0,0.0,0.0,3.0,0.0,0.0,1.0,2.0,0.0,0.0,0.0,0.0
Ravel Morrison,jm JAM,MF,ADO Den Haag,28-028,1993,4.0,1.0,133.0,0.0,0.0,0.0,0.0,1.0,0.0,0.0,0.0,0.0,0.0,0.0,1.5,2.0,1.0,50.0,1.35,0.68,0.0,0.0,0.0,3.0,0.0,0.0,0.0,0.0,0.0,0.0,0.0,0.0
Xavier Mous,nl NED,GK,Zwolle,25-210,1995,5.0,5.0,450.0,0.0,0.0,0.0,0.0,0.0,0.0,0.0,0.0,0.0,0.0,0.0,5.0,0.0,0.0,0.0,0.0,0.0,0.0,0.0,0.0,0.0,1.0,0.0,0.0,0.0,0.0,0.0,0.0,0.0
Samuel Moutoussamy,cd COD,MF,Fortuna Sittard,24-202,1996,5.0,0.0,148.0,0.0,0.0,0.0,0.0,0.0,0.0,0.0,0.0,0.0,0.0,0.0,1.6,1.0,0.0,0.0,0.61,0.0,0.0,0.0,0.0,1.0,1.0,0.0,2.0,0.0,1.0,0.0,0.0,0.0
Erwin Mulder,nl NED,GK,Heerenveen,31-364,1989,24.0,24.0,2160.0,0.0,0.0,0.0,0.0,1.0,0.0,0.0,0.0,0.0,0.0,0.0,24.0,0.0,0.0,0.0,0.0,0.0,0.0,0.0,0.0,0.0,0.0,0.0,0.0,1.0,0.0,0.0,0.0,0.0
Hans Mulder,nl NED,MF,RKC Waalwijk,33-309,1987,7.0,0.0,26.0,0.0,0.0,0.0,0.0,0.0,0.0,0.0,0.0,0.0,0.0,0.0,0.3,0.0,0.0,0.0,0.0,0.0,0.0,0.0,0.0,1.0,0.0,0.0,0.0,0.0,0.0,0.0,0.0,0.0
Jonathan Mulder,nl NED,MF,ADO Den Haag,19-059,2002,1.0,0.0,45.0,0.0,0.0,0.0,0.0,0.0,0.0,0.0,0.0,0.0,0.0,0.0,0.5,1.0,0.0,0.0,2.0,0.0,0.0,0.0,0.0,0.0,0.0,0.0,2.0,1.0,2.0,0.0,0.0,0.0
Arijanet Muric,xk KVX,GK,Willem II,22-115,1998,4.0,4.0,360.0,0.0,0.0,0.0,0.0,0.0,0.0,0.0,0.0,0.0,0.0,0.0,4.0,0.0,0.0,0.0,0.0,0.0,0.0,0.0,0.0,0.0,2.0,0.0,0.0,0.0,0.0,0.0,0.0,0.0
Yvon Mvogo,ch SUI,GK,PSV Eindhoven,26-269,1994,23.0,23.0,2070.0,0.0,0.0,0.0,0.0,0.0,0.0,0.0,0.0,0.0,0.0,0.0,23.0,0.0,0.0,0.0,0.0,0.0,0.0,0.0,0.0,1.0,0.0,0.0,0.0,0.0,0.0,0.0,0.0,1.0
Yuta Nakayama,jp JPN,"DF,MF",Zwolle,24-014,1997,23.0,18.0,1662.0,2.0,1.0,0.0,0.0,3.0,0.0,0.11,0.05,0.16,0.11,0.16,18.5,26.0,10.0,38.5,1.41,0.54,0.08,0.2,0.0,29.0,10.0,2.0,11.0,30.0,22.0,0.0,0.0,0.0
Luciano Narsingh,nl NED,FW,Feyenoord,30-170,1990,9.0,3.0,395.0,1.0,1.0,0.0,0.0,0.0,0.0,0.23,0.23,0.46,0.23,0.46,4.4,9.0,3.0,33.3,2.05,0.68,0.11,0.33,0.0,3.0,5.0,5.0,16.0,2.0,4.0,0.0,0.0,0.0
Luciano Narsingh,nl NED,"FW,MF",Twente,30-170,1990,7.0,6.0,483.0,0.0,2.0,0.0,0.0,0.0,0.0,0.0,0.37,0.37,0.0,0.37,5.4,7.0,4.0,57.1,1.3,0.75,0.0,0.0,0.0,2.0,4.0,3.0,24.0,3.0,0.0,0.0,0.0,0.0
Mike Ndayishimye,be BEL,"MF,FW",Willem II,21-278,1999,24.0,18.0,1676.0,4.0,7.0,3.0,3.0,3.0,0.0,0.21,0.38,0.59,0.05,0.43,18.6,39.0,13.0,33.3,2.09,0.7,0.03,0.08,0.0,16.0,25.0,0.0,103.0,18.0,22.0,0.0,0.0,0.0
Miquel Nelom,nl NED,DF,Willem II,30-161,1990,7.0,5.0,438.0,0.0,0.0,0.0,0.0,2.0,0.0,0.0,0.0,0.0,0.0,0.0,4.9,3.0,0.0,0.0,0.62,0.0,0.0,0.0,0.0,3.0,2.0,0.0,7.0,7.0,8.0,0.0,0.0,0.0
David Neres,br BRA,"FW,MF",Ajax,23-364,1997,14.0,4.0,623.0,2.0,1.0,0.0,0.0,1.0,0.0,0.29,0.14,0.43,0.29,0.43,6.9,16.0,6.0,37.5,2.31,0.87,0.13,0.33,0.0,3.0,5.0,3.0,16.0,6.0,11.0,0.0,0.0,0.0
Cyril Ngonge,be BEL,FW,RKC Waalwijk,20-280,2000,12.0,11.0,790.0,2.0,2.0,0.0,0.0,2.0,0.0,0.23,0.23,0.46,0.23,0.46,8.8,20.0,7.0,35.0,2.28,0.8,0.1,0.29,0.0,10.0,13.0,2.0,37.0,6.0,6.0,0.0,0.0,0.0
Bart Nieuwkoop,nl NED,DF,Feyenoord,24-360,1996,15.0,12.0,1025.0,0.0,0.0,0.0,0.0,1.0,0.0,0.0,0.0,0.0,0.0,0.0,11.4,5.0,1.0,20.0,0.44,0.09,0.0,0.0,0.0,13.0,8.0,2.0,26.0,32.0,27.0,0.0,0.0,0.0
Lars Nieuwpoort,nl NED,DF,RKC Waalwijk,26-124,1994,2.0,2.0,171.0,0.0,0.0,0.0,0.0,0.0,0.0,0.0,0.0,0.0,0.0,0.0,1.9,0.0,0.0,0.0,0.0,0.0,0.0,0.0,0.0,2.0,1.0,0.0,0.0,2.0,2.0,0.0,0.0,0.0
Thijmen Nijhuis,nl NED,GK,Utrecht,22-220,1998,3.0,3.0,270.0,0.0,0.0,0.0,0.0,0.0,0.0,0.0,0.0,0.0,0.0,0.0,3.0,0.0,0.0,0.0,0.0,0.0,0.0,0.0,0.0,0.0,0.0,0.0,0.0,0.0,0.0,0.0,0.0,0.0
Branislav Niňaj,sk SVK,DF,Fortuna Sittard,26-289,1994,8.0,4.0,385.0,0.0,0.0,0.0,0.0,1.0,0.0,0.0,0.0,0.0,0.0,0.0,4.3,2.0,1.0,50.0,0.47,0.23,0.0,0.0,0.0,8.0,1.0,0.0,0.0,11.0,4.0,0.0,0.0,0.0
Ché Nunnely,nl NED,"FW,MF",Willem II,22-026,1999,22.0,19.0,1389.0,5.0,1.0,0.0,0.0,0.0,0.0,0.32,0.06,0.39,0.32,0.39,15.4,26.0,13.0,50.0,1.68,0.84,0.19,0.38,0.0,5.0,15.0,6.0,32.0,12.0,8.0,0.0,0.0,0.0
Benjamin Nygren,se SWE,"FW,MF",Heerenveen,19-237,2001,20.0,12.0,995.0,3.0,2.0,0.0,0.0,0.0,0.0,0.27,0.18,0.45,0.27,0.45,11.1,24.0,8.0,33.3,2.17,0.72,0.13,0.38,0.0,13.0,11.0,3.0,23.0,6.0,9.0,0.0,0.0,0.0
Eric Oelschlägel,de GER,GK,Utrecht,25-163,1995,12.0,12.0,1080.0,0.0,0.0,0.0,0.0,0.0,0.0,0.0,0.0,0.0,0.0,0.0,12.0,1.0,0.0,0.0,0.08,0.0,0.0,0.0,0.0,2.0,1.0,0.0,0.0,0.0,1.0,0.0,0.0,0.0
Noah Ohio,eng ENG,FW,Vitesse,18-045,2003,4.0,0.0,30.0,0.0,0.0,0.0,0.0,0.0,0.0,0.0,0.0,0.0,0.0,0.0,0.3,0.0,0.0,0.0,0.0,0.0,0.0,0.0,0.0,1.0,0.0,0.0,0.0,0.0,0.0,0.0,0.0,0.0
Maduka Okoye,ng NGA,GK,Sparta R'dam,21-186,1999,17.0,17.0,1530.0,0.0,0.0,0.0,0.0,0.0,0.0,0.0,0.0,0.0,0.0,0.0,17.0,0.0,0.0,0.0,0.0,0.0,0.0,0.0,0.0,0.0,0.0,0.0,0.0,2.0,2.0,0.0,0.0,0.0
Kwasi Okyere Wriedt,gh GHA,FW,Willem II,26-235,1994,14.0,11.0,994.0,5.0,0.0,0.0,0.0,0.0,1.0,0.45,0.0,0.45,0.45,0.45,11.0,29.0,15.0,51.7,2.63,1.36,0.17,0.33,0.0,14.0,18.0,13.0,10.0,2.0,4.0,0.0,0.0,0.0
André Onana,cm CMR,GK,Ajax,24-334,1996,20.0,20.0,1800.0,0.0,0.0,0.0,0.0,1.0,0.0,0.0,0.0,0.0,0.0,0.0,20.0,0.0,0.0,0.0,0.0,0.0,0.0,0.0,0.0,0.0,1.0,0.0,0.0,0.0,0.0,0.0,0.0,0.0
Jayden Oosterwolde,nl NED,DF,Twente,19-310,2001,17.0,16.0,1237.0,1.0,3.0,0.0,0.0,3.0,1.0,0.07,0.22,0.29,0.07,0.29,13.7,8.0,3.0,37.5,0.58,0.22,0.13,0.33,0.0,19.0,10.0,0.0,43.0,31.0,27.0,0.0,0.0,0.0
Thijs Oosting,nl NED,"FW,MF",RKC Waalwijk,20-304,2000,7.0,6.0,448.0,0.0,1.0,0.0,0.0,0.0,0.0,0.0,0.2,0.2,0.0,0.2,5.0,2.0,0.0,0.0,0.4,0.0,0.0,0.0,0.0,4.0,7.0,6.0,14.0,1.0,4.0,0.0,0.0,0.0
Loïs Openda,be BEL,FW,Vitesse,21-014,2000,23.0,22.0,1710.0,7.0,4.0,0.0,0.0,0.0,0.0,0.37,0.21,0.58,0.37,0.58,19.0,45.0,17.0,37.8,2.37,0.89,0.16,0.41,0.0,26.0,37.0,12.0,16.0,9.0,6.0,0.0,0.0,0.0
Fredrik Oppegard,no NOR,MF,PSV Eindhoven,18-207,2002,1.0,0.0,1.0,0.0,0.0,0.0,0.0,0.0,0.0,0.0,0.0,0.0,0.0,0.0,0.0,0.0,0.0,0.0,0.0,0.0,0.0,0.0,0.0,0.0,0.0,0.0,0.0,0.0,0.0,0.0,0.0,0.0
Alois Oroz,at AUT,DF,Vitesse,20-124,2000,1.0,0.0,2.0,0.0,0.0,0.0,0.0,0.0,0.0,0.0,0.0,0.0,0.0,0.0,0.0,0.0,0.0,0.0,0.0,0.0,0.0,0.0,0.0,0.0,0.0,0.0,0.0,0.0,0.0,0.0,0.0,0.0
Yanick van Osch,nl NED,GK,Fortuna Sittard,23-343,1997,17.0,17.0,1522.0,0.0,0.0,0.0,0.0,1.0,0.0,0.0,0.0,0.0,0.0,0.0,16.9,0.0,0.0,0.0,0.0,0.0,0.0,0.0,0.0,0.0,1.0,0.0,0.0,2.0,2.0,0.0,0.0,0.0
Bilal Ould-Chikh,ma MAR,FW,ADO Den Haag,23-217,1997,14.0,3.0,462.0,0.0,0.0,0.0,0.0,1.0,0.0,0.0,0.0,0.0,0.0,0.0,5.1,6.0,2.0,33.3,1.17,0.39,0.0,0.0,0.0,7.0,8.0,0.0,31.0,1.0,7.0,0.0,0.0,0.0
Joris van Overeem,nl NED,MF,Utrecht,26-274,1994,19.0,18.0,1384.0,1.0,0.0,0.0,0.0,2.0,0.0,0.07,0.0,0.07,0.07,0.07,15.4,7.0,2.0,28.6,0.46,0.13,0.14,0.5,0.0,24.0,12.0,0.0,4.0,28.0,21.0,0.0,0.0,0.0
Leeroy Owusu,nl NED,DF,Willem II,24-201,1996,19.0,19.0,1639.0,0.0,0.0,0.0,0.0,2.0,0.0,0.0,0.0,0.0,0.0,0.0,18.2,6.0,2.0,33.3,0.33,0.11,0.0,0.0,0.0,16.0,12.0,0.0,64.0,23.0,19.0,0.0,0.0,0.0
Kenneth Paal,nl NED,DF,Zwolle,23-251,1997,17.0,15.0,1372.0,0.0,1.0,0.0,0.0,1.0,0.0,0.0,0.07,0.07,0.0,0.07,15.2,8.0,1.0,12.5,0.52,0.07,0.0,0.0,0.0,18.0,19.0,4.0,53.0,25.0,15.0,0.0,0.0,0.0
Tobias Pachonik,de GER,DF,VVV-Venlo,26-057,1995,18.0,17.0,1485.0,0.0,2.0,0.0,0.0,0.0,1.0,0.0,0.12,0.12,0.0,0.12,16.5,5.0,3.0,60.0,0.3,0.18,0.0,0.0,0.0,8.0,14.0,1.0,54.0,20.0,10.0,0.0,0.0,0.0
Sergio Padt,nl NED,GK,Groningen,30-269,1990,24.0,24.0,2160.0,0.0,0.0,0.0,0.0,1.0,0.0,0.0,0.0,0.0,0.0,0.0,24.0,1.0,0.0,0.0,0.04,0.0,0.0,0.0,0.0,1.0,1.0,0.0,0.0,1.0,0.0,0.0,0.0,0.0
Maarten Paes,nl NED,GK,Utrecht,22-292,1998,8.0,8.0,720.0,0.0,0.0,0.0,0.0,0.0,0.0,0.0,0.0,0.0,0.0,0.0,8.0,0.0,0.0,0.0,0.0,0.0,0.0,0.0,0.0,0.0,0.0,0.0,0.0,0.0,0.0,0.0,0.0,0.0
Remko Pasveer,nl NED,GK,Vitesse,37-114,1983,24.0,24.0,2160.0,0.0,0.0,0.0,0.0,0.0,0.0,0.0,0.0,0.0,0.0,0.0,24.0,0.0,0.0,0.0,0.0,0.0,0.0,0.0,0.0,0.0,0.0,0.0,0.0,0.0,2.0,0.0,0.0,0.0
Vangelis Pavlidis,gr GRE,FW,Willem II,22-101,1998,24.0,24.0,2128.0,6.0,3.0,0.0,0.0,2.0,0.0,0.25,0.13,0.38,0.25,0.38,23.6,60.0,24.0,40.0,2.54,1.02,0.1,0.25,0.0,20.0,45.0,17.0,13.0,10.0,20.0,0.0,0.0,0.0
Desevio Payne,us USA,DF,Emmen,25-092,1995,2.0,0.0,32.0,0.0,0.0,0.0,0.0,0.0,0.0,0.0,0.0,0.0,0.0,0.0,0.4,0.0,0.0,0.0,0.0,0.0,0.0,0.0,0.0,0.0,0.0,0.0,0.0,0.0,1.0,0.0,0.0,0.0
Sergio Peña,pe PER,"MF,FW",Emmen,25-155,1995,22.0,22.0,1931.0,1.0,0.0,0.0,0.0,2.0,0.0,0.05,0.0,0.05,0.05,0.05,21.5,27.0,6.0,22.2,1.26,0.28,0.04,0.17,0.0,19.0,28.0,0.0,85.0,21.0,24.0,0.0,0.0,0.0
Jordens Peters,nl NED,DF,Willem II,33-303,1987,14.0,12.0,1038.0,0.0,0.0,0.0,0.0,4.0,1.0,0.0,0.0,0.0,0.0,0.0,11.5,2.0,0.0,0.0,0.17,0.0,0.0,0.0,1.0,16.0,7.0,0.0,1.0,21.0,10.0,0.0,0.0,0.0
Immanuel Pherai,nl NED,FW,Zwolle,19-311,2001,19.0,11.0,1096.0,1.0,2.0,0.0,0.0,1.0,0.0,0.08,0.16,0.25,0.08,0.25,12.2,31.0,9.0,29.0,2.55,0.74,0.03,0.11,0.0,30.0,11.0,3.0,49.0,4.0,15.0,0.0,0.0,0.0
David Philipp,de GER,"FW,MF",ADO Den Haag,20-326,2000,13.0,4.0,487.0,2.0,0.0,0.0,0.0,1.0,0.0,0.37,0.0,0.37,0.37,0.37,5.4,12.0,5.0,41.7,2.22,0.92,0.17,0.4,0.0,10.0,6.0,0.0,6.0,7.0,7.0,0.0,0.0,0.0
Kik Pierie,nl NED,DF,Twente,20-225,2000,19.0,19.0,1684.0,0.0,0.0,0.0,0.0,3.0,0.0,0.0,0.0,0.0,0.0,0.0,18.7,7.0,3.0,42.9,0.37,0.16,0.0,0.0,0.0,17.0,19.0,0.0,1.0,48.0,18.0,0.0,0.0,0.0
Shaquille Pinas,nl NED,DF,ADO Den Haag,22-348,1998,18.0,15.0,1420.0,3.0,0.0,3.0,3.0,4.0,0.0,0.19,0.0,0.19,0.0,0.0,15.8,8.0,6.0,75.0,0.51,0.38,0.0,0.0,0.0,17.0,4.0,0.0,10.0,35.0,13.0,0.0,0.0,1.0
Michael Pinto,lu LUX,DF,Sparta R'dam,27-271,1993,22.0,21.0,1729.0,0.0,2.0,0.0,0.0,4.0,1.0,0.0,0.1,0.1,0.0,0.1,19.2,4.0,1.0,25.0,0.21,0.05,0.0,0.0,0.0,18.0,13.0,0.0,48.0,28.0,25.0,0.0,0.0,0.0
Joël Piroe,nl NED,FW,PSV Eindhoven,21-212,1999,8.0,0.0,91.0,1.0,0.0,0.0,0.0,0.0,0.0,0.99,0.0,0.99,0.99,0.99,1.0,5.0,1.0,20.0,4.95,0.99,0.2,1.0,0.0,1.0,0.0,0.0,0.0,0.0,0.0,0.0,0.0,0.0
Julio Pleguezuelo,es ESP,DF,Twente,24-035,1997,19.0,18.0,1644.0,1.0,1.0,0.0,0.0,3.0,0.0,0.05,0.05,0.11,0.05,0.11,18.3,6.0,4.0,66.7,0.33,0.22,0.17,0.25,0.0,23.0,12.0,0.0,2.0,44.0,18.0,0.0,0.0,1.0
Bram van Polen,nl NED,DF,Zwolle,35-142,1985,18.0,16.0,1438.0,2.0,0.0,0.0,0.0,3.0,1.0,0.13,0.0,0.13,0.13,0.13,16.0,12.0,3.0,25.0,0.75,0.19,0.17,0.67,0.0,16.0,9.0,0.0,4.0,28.0,15.0,0.0,0.0,0.0
Thomas Poll,nl NED,DF,Groningen,20-002,2001,4.0,0.0,25.0,0.0,0.0,0.0,0.0,0.0,0.0,0.0,0.0,0.0,0.0,0.0,0.3,0.0,0.0,0.0,0.0,0.0,0.0,0.0,0.0,1.0,0.0,0.0,0.0,1.0,0.0,0.0,0.0,0.0
Sebastian Polter,de GER,FW,Fortuna Sittard,29-335,1991,22.0,22.0,1884.0,8.0,3.0,1.0,1.0,1.0,1.0,0.38,0.14,0.53,0.33,0.48,20.9,37.0,14.0,37.8,1.77,0.67,0.19,0.5,0.0,57.0,35.0,9.0,5.0,3.0,13.0,0.0,0.0,1.0
Danny Post,nl NED,MF,VVV-Venlo,31-329,1989,20.0,20.0,1710.0,0.0,1.0,0.0,0.0,6.0,0.0,0.0,0.05,0.05,0.0,0.05,19.0,12.0,1.0,8.3,0.63,0.05,0.0,0.0,0.0,37.0,14.0,0.0,5.0,46.0,45.0,0.0,0.0,0.0
Romano Postema,nl NED,FW,Groningen,19-023,2002,3.0,0.0,37.0,0.0,0.0,0.0,0.0,0.0,0.0,0.0,0.0,0.0,0.0,0.0,0.4,1.0,0.0,0.0,2.43,0.0,0.0,0.0,0.0,0.0,0.0,0.0,0.0,0.0,0.0,0.0,0.0,0.0
Lucas Pratto,ar ARG,FW,Feyenoord,32-271,1988,5.0,2.0,196.0,0.0,0.0,0.0,0.0,0.0,0.0,0.0,0.0,0.0,0.0,0.0,2.2,10.0,3.0,30.0,4.59,1.38,0.0,0.0,0.0,0.0,0.0,1.0,0.0,1.0,0.0,0.0,0.0,0.0
Quincy Promes,nl NED,"MF,FW",Ajax,29-057,1992,19.0,10.0,1017.0,6.0,0.0,1.0,1.0,0.0,0.0,0.53,0.0,0.53,0.44,0.44,11.3,49.0,21.0,42.9,4.34,1.86,0.1,0.24,0.0,4.0,5.0,9.0,27.0,4.0,6.0,0.0,0.0,0.0
Robin Pröpper,nl NED,DF,Heracles Almelo,27-160,1993,22.0,22.0,1943.0,0.0,1.0,0.0,0.0,3.0,0.0,0.0,0.05,0.05,0.0,0.05,21.6,8.0,4.0,50.0,0.37,0.19,0.0,0.0,0.0,25.0,17.0,1.0,9.0,35.0,19.0,0.0,0.0,0.0
Giacomo Quagliata,it ITA,DF,Heracles Almelo,21-011,2000,15.0,14.0,1228.0,0.0,1.0,0.0,0.0,5.0,0.0,0.0,0.07,0.07,0.0,0.07,13.6,5.0,0.0,0.0,0.37,0.0,0.0,0.0,0.0,18.0,26.0,0.0,69.0,33.0,17.0,0.0,0.0,0.0
Paul Quasten,cz CZE,DF,RKC Waalwijk,35-354,1985,15.0,13.0,986.0,0.0,0.0,0.0,0.0,0.0,0.0,0.0,0.0,0.0,0.0,0.0,11.0,12.0,3.0,25.0,1.1,0.27,0.0,0.0,0.0,14.0,11.0,0.0,43.0,27.0,14.0,0.0,0.0,0.0
Bart Ramselaar,nl NED,"MF,FW",Utrecht,24-246,1996,21.0,19.0,1551.0,4.0,3.0,0.0,0.0,2.0,0.0,0.23,0.17,0.41,0.23,0.41,17.2,35.0,11.0,31.4,2.03,0.64,0.11,0.36,0.0,11.0,16.0,5.0,27.0,14.0,12.0,0.0,0.0,0.0
Jacob Rasmussen,dk DEN,DF,Vitesse,23-278,1997,21.0,21.0,1890.0,1.0,0.0,0.0,0.0,2.0,0.0,0.05,0.0,0.05,0.05,0.05,21.0,12.0,3.0,25.0,0.57,0.14,0.08,0.33,0.0,10.0,7.0,0.0,0.0,47.0,24.0,0.0,0.0,0.0
Andrei Ratiu,ro ROU,"MF,FW",ADO Den Haag,22-255,1998,10.0,7.0,520.0,0.0,0.0,0.0,0.0,0.0,0.0,0.0,0.0,0.0,0.0,0.0,5.8,3.0,0.0,0.0,0.52,0.0,0.0,0.0,0.0,8.0,6.0,0.0,6.0,7.0,13.0,0.0,0.0,0.0
Mohamed Rayhi,nl NED,FW,Sparta R'dam,26-244,1994,3.0,3.0,270.0,0.0,0.0,0.0,0.0,0.0,0.0,0.0,0.0,0.0,0.0,0.0,3.0,8.0,2.0,25.0,2.67,0.67,0.0,0.0,0.0,4.0,8.0,0.0,6.0,1.0,3.0,0.0,0.0,0.0
Eliano Reijnders,nl NED,"FW,MF",Zwolle,20-130,2000,23.0,14.0,1348.0,3.0,3.0,0.0,0.0,1.0,0.0,0.2,0.2,0.4,0.2,0.4,15.0,20.0,12.0,60.0,1.34,0.8,0.15,0.25,0.0,12.0,13.0,3.0,41.0,12.0,17.0,0.0,0.0,0.0
Tijjani Reijnders,nl NED,MF,AZ Alkmaar,22-216,1998,14.0,4.0,507.0,0.0,0.0,0.0,0.0,0.0,0.0,0.0,0.0,0.0,0.0,0.0,5.6,14.0,5.0,35.7,2.49,0.89,0.0,0.0,0.0,4.0,1.0,0.0,6.0,11.0,6.0,0.0,0.0,0.0
Devyne Rensch,nl NED,DF,Ajax,18-043,2003,8.0,2.0,201.0,0.0,0.0,0.0,0.0,0.0,0.0,0.0,0.0,0.0,0.0,0.0,2.2,2.0,1.0,50.0,0.9,0.45,0.0,0.0,0.0,2.0,5.0,0.0,0.0,4.0,8.0,0.0,0.0,0.0
Marco Rente,de GER,DF,Heracles Almelo,24-005,1997,19.0,15.0,1306.0,0.0,1.0,0.0,0.0,2.0,0.0,0.0,0.07,0.07,0.0,0.07,14.5,2.0,0.0,0.0,0.14,0.0,0.0,0.0,0.0,7.0,9.0,1.0,4.0,51.0,18.0,0.0,0.0,1.0
Ricardo van Rhijn,nl NED,DF,Emmen,29-262,1991,15.0,14.0,1276.0,0.0,0.0,0.0,0.0,1.0,0.0,0.0,0.0,0.0,0.0,0.0,14.2,6.0,1.0,16.7,0.42,0.07,0.0,0.0,0.0,9.0,8.0,0.0,23.0,13.0,13.0,0.0,0.0,0.0
Jean-Pierre Rhyner,ch SUI,DF,Emmen,24-351,1996,2.0,1.0,71.0,0.0,0.0,0.0,0.0,0.0,0.0,0.0,0.0,0.0,0.0,0.0,0.8,0.0,0.0,0.0,0.0,0.0,0.0,0.0,0.0,2.0,0.0,0.0,1.0,1.0,0.0,0.0,0.0,0.0
Ben Rienstra,nl NED,"MF,DF",Fortuna Sittard,30-270,1990,20.0,20.0,1703.0,2.0,0.0,0.0,0.0,3.0,0.0,0.11,0.0,0.11,0.11,0.11,18.9,10.0,5.0,50.0,0.53,0.26,0.2,0.4,0.0,15.0,11.0,0.0,6.0,26.0,24.0,0.0,0.0,0.0
Dante Rigo,be BEL,MF,ADO Den Haag,22-081,1998,11.0,9.0,823.0,0.0,0.0,0.0,0.0,0.0,0.0,0.0,0.0,0.0,0.0,0.0,9.1,3.0,2.0,66.7,0.33,0.22,0.0,0.0,0.0,14.0,3.0,0.0,15.0,18.0,12.0,0.0,0.0,0.0
Arjen Robben,nl NED,MF,Groningen,37-038,1984,2.0,1.0,44.0,0.0,0.0,0.0,0.0,0.0,0.0,0.0,0.0,0.0,0.0,0.0,0.5,0.0,0.0,0.0,0.0,0.0,0.0,0.0,0.0,0.0,1.0,0.0,0.0,0.0,0.0,0.0,0.0,0.0
Yahcuroo Roemer,nl NED,FW,VVV-Venlo,19-223,2001,5.0,2.0,237.0,0.0,1.0,0.0,0.0,0.0,0.0,0.0,0.38,0.38,0.0,0.38,2.6,2.0,0.0,0.0,0.76,0.0,0.0,0.0,0.0,4.0,1.0,2.0,10.0,2.0,4.0,0.0,0.0,0.0
Godfried Roemeratoe,nl NED,MF,Twente,21-195,1999,22.0,20.0,1707.0,0.0,0.0,0.0,0.0,1.0,0.0,0.0,0.0,0.0,0.0,0.0,19.0,12.0,1.0,8.3,0.63,0.05,0.0,0.0,0.0,24.0,14.0,0.0,5.0,26.0,30.0,0.0,0.0,0.0
Ole Romeny,nl NED,"MF,FW",Willem II,20-255,2000,10.0,2.0,358.0,0.0,0.0,0.0,0.0,0.0,0.0,0.0,0.0,0.0,0.0,0.0,4.0,11.0,6.0,54.5,2.77,1.51,0.0,0.0,0.0,6.0,18.0,1.0,3.0,3.0,5.0,0.0,0.0,0.0
Maximiliano Romero,ar ARG,FW,PSV Eindhoven,22-052,1999,1.0,0.0,2.0,1.0,0.0,0.0,0.0,0.0,0.0,45.0,0.0,45.0,45.0,45.0,0.0,1.0,1.0,100.0,45.0,45.0,1.0,1.0,0.0,0.0,0.0,0.0,0.0,0.0,0.0,0.0,0.0,0.0
Pablo Rosario,nl NED,MF,PSV Eindhoven,24-054,1997,21.0,21.0,1832.0,1.0,4.0,0.0,0.0,6.0,0.0,0.05,0.2,0.25,0.05,0.25,20.4,12.0,2.0,16.7,0.59,0.1,0.08,0.5,0.0,36.0,17.0,0.0,4.0,42.0,28.0,0.0,0.0,0.0
Llazaros Rota,gr GRE,DF,Fortuna Sittard,23-191,1997,18.0,14.0,1288.0,0.0,0.0,0.0,0.0,4.0,0.0,0.0,0.0,0.0,0.0,0.0,14.3,4.0,1.0,25.0,0.28,0.07,0.0,0.0,0.0,15.0,19.0,0.0,17.0,19.0,26.0,0.0,0.0,0.0
Daan Rots,nl NED,FW,Twente,19-220,2001,5.0,0.0,75.0,0.0,0.0,0.0,0.0,1.0,0.0,0.0,0.0,0.0,0.0,0.0,0.8,1.0,0.0,0.0,1.2,0.0,0.0,0.0,0.0,2.0,2.0,0.0,3.0,0.0,0.0,0.0,0.0,0.0
Robbin Ruiter,nl NED,GK,Willem II,33-342,1987,10.0,10.0,874.0,0.0,0.0,0.0,0.0,0.0,0.0,0.0,0.0,0.0,0.0,0.0,9.7,0.0,0.0,0.0,0.0,0.0,0.0,0.0,0.0,0.0,0.0,0.0,0.0,0.0,0.0,0.0,0.0,0.0
Dries Saddiki,ma MAR,"MF,DF",Willem II,24-205,1996,7.0,6.0,448.0,0.0,0.0,0.0,0.0,0.0,0.0,0.0,0.0,0.0,0.0,0.0,5.0,2.0,0.0,0.0,0.4,0.0,0.0,0.0,0.0,6.0,4.0,0.0,5.0,11.0,6.0,0.0,0.0,0.0
Michal Sadílek,cz CZE,MF,PSV Eindhoven,21-275,1999,2.0,1.0,46.0,0.0,0.0,0.0,0.0,0.0,0.0,0.0,0.0,0.0,0.0,0.0,0.5,0.0,0.0,0.0,0.0,0.0,0.0,0.0,0.0,0.0,2.0,0.0,0.0,2.0,0.0,0.0,0.0,0.0
Görkem Sağlam,de GER,MF,Willem II,22-325,1998,19.0,14.0,1215.0,2.0,2.0,0.0,0.0,4.0,0.0,0.15,0.15,0.3,0.15,0.3,13.5,19.0,6.0,31.6,1.41,0.44,0.11,0.33,0.0,22.0,10.0,0.0,18.0,8.0,19.0,0.0,0.0,0.0
Ismael Saibari,ma MAR,MF,PSV Eindhoven,20-033,2001,1.0,0.0,3.0,0.0,0.0,0.0,0.0,0.0,0.0,0.0,0.0,0.0,0.0,0.0,0.0,0.0,0.0,0.0,0.0,0.0,0.0,0.0,0.0,0.0,0.0,0.0,0.0,0.0,0.0,0.0,0.0,0.0
Bassala Sambou,eng ENG,FW,Fortuna Sittard,23-138,1997,3.0,0.0,38.0,0.0,1.0,0.0,0.0,0.0,0.0,0.0,2.37,2.37,0.0,2.37,0.4,1.0,1.0,100.0,2.37,2.37,0.0,0.0,0.0,2.0,0.0,0.0,1.0,0.0,1.0,0.0,0.0,0.0
Ibrahim Sangaré,ci CIV,MF,PSV Eindhoven,23-090,1997,19.0,17.0,1558.0,1.0,1.0,0.0,0.0,5.0,0.0,0.06,0.06,0.12,0.06,0.12,17.3,18.0,3.0,16.7,1.04,0.17,0.06,0.33,0.0,26.0,13.0,1.0,5.0,42.0,57.0,0.0,0.0,0.0
Mustafa Saymak,nl NED,MF,Zwolle,28-019,1993,17.0,12.0,1045.0,1.0,0.0,0.0,0.0,2.0,1.0,0.09,0.0,0.09,0.09,0.09,11.6,24.0,6.0,25.0,2.07,0.52,0.04,0.17,1.0,14.0,19.0,1.0,15.0,16.0,17.0,0.0,0.0,0.0
Steffen Schäfer,de GER,DF,VVV-Venlo,26-305,1994,11.0,9.0,798.0,0.0,1.0,0.0,0.0,0.0,0.0,0.0,0.11,0.11,0.0,0.11,8.9,1.0,0.0,0.0,0.11,0.0,0.0,0.0,0.0,6.0,4.0,0.0,7.0,22.0,11.0,0.0,0.0,0.0
Xandro Schenk,nl NED,DF,Twente,27-308,1993,3.0,3.0,270.0,0.0,0.0,0.0,0.0,0.0,0.0,0.0,0.0,0.0,0.0,0.0,3.0,2.0,0.0,0.0,0.67,0.0,0.0,0.0,0.0,2.0,0.0,0.0,0.0,4.0,1.0,0.0,0.0,0.0
Vincent Schippers,nl NED,DF,Willem II,19-363,2001,4.0,1.0,150.0,0.0,0.0,0.0,0.0,0.0,0.0,0.0,0.0,0.0,0.0,0.0,1.7,1.0,0.0,0.0,0.6,0.0,0.0,0.0,0.0,3.0,1.0,0.0,3.0,5.0,0.0,0.0,0.0,0.0
Lukas Schmitz,de GER,DF,VVV-Venlo,32-140,1988,9.0,7.0,687.0,0.0,0.0,0.0,0.0,1.0,0.0,0.0,0.0,0.0,0.0,0.0,7.6,5.0,1.0,20.0,0.66,0.13,0.0,0.0,0.0,6.0,3.0,0.0,15.0,18.0,6.0,0.0,0.0,0.0
Ben Scholte,nl NED,MF,Emmen,19-204,2001,1.0,0.0,6.0,0.0,0.0,0.0,0.0,0.0,0.0,0.0,0.0,0.0,0.0,0.0,0.1,1.0,0.0,0.0,15.0,0.0,0.0,0.0,0.0,1.0,0.0,0.0,0.0,0.0,0.0,0.0,0.0,0.0
Lasse Schöne,dk DEN,MF,Heerenveen,34-279,1986,3.0,3.0,180.0,1.0,0.0,0.0,0.0,0.0,0.0,0.5,0.0,0.5,0.5,0.5,2.0,4.0,2.0,50.0,2.0,1.0,0.25,0.5,0.0,1.0,1.0,0.0,2.0,2.0,3.0,0.0,0.0,0.0
Lucas Schoofs,be BEL,MF,Heracles Almelo,24-058,1997,20.0,17.0,1434.0,2.0,1.0,0.0,0.0,2.0,0.0,0.13,0.06,0.19,0.13,0.19,15.9,13.0,7.0,53.8,0.82,0.44,0.15,0.29,0.0,13.0,12.0,0.0,10.0,30.0,32.0,0.0,0.0,0.0
Sam Schreck,de GER,MF,Groningen,22-032,1999,10.0,2.0,271.0,0.0,0.0,0.0,0.0,2.0,0.0,0.0,0.0,0.0,0.0,0.0,3.0,2.0,0.0,0.0,0.66,0.0,0.0,0.0,0.0,7.0,5.0,0.0,4.0,6.0,8.0,0.0,0.0,0.0
Perr Schuurs,nl NED,DF,Ajax,21-096,1999,21.0,17.0,1522.0,1.0,0.0,0.0,0.0,2.0,0.0,0.06,0.0,0.06,0.06,0.06,16.9,12.0,3.0,25.0,0.71,0.18,0.08,0.33,0.0,20.0,10.0,0.0,2.0,28.0,19.0,0.0,0.0,0.0
Lindon Selahi,al ALB,MF,Twente,22-004,1999,5.0,0.0,64.0,0.0,0.0,0.0,0.0,0.0,0.0,0.0,0.0,0.0,0.0,0.0,0.7,1.0,1.0,100.0,1.41,1.41,0.0,0.0,0.0,1.0,1.0,0.0,1.0,4.0,6.0,0.0,0.0,0.0
Lindon Selahi,al ALB,MF,Willem II,22-004,1999,7.0,3.0,312.0,0.0,0.0,0.0,0.0,2.0,0.0,0.0,0.0,0.0,0.0,0.0,3.5,1.0,0.0,0.0,0.29,0.0,0.0,0.0,0.0,5.0,5.0,0.0,2.0,10.0,7.0,0.0,0.0,0.0
Lisandro Semedo,cv CPV,"FW,MF",Fortuna Sittard,24-355,1996,24.0,18.0,1573.0,6.0,4.0,0.0,0.0,2.0,0.0,0.34,0.23,0.57,0.34,0.57,17.5,42.0,17.0,40.5,2.4,0.97,0.14,0.35,0.0,11.0,23.0,7.0,29.0,12.0,20.0,0.0,0.0,0.0
Marcos Senesi,ar ARG,DF,Feyenoord,23-296,1997,24.0,24.0,2160.0,3.0,2.0,0.0,0.0,2.0,0.0,0.12,0.08,0.21,0.12,0.21,24.0,12.0,4.0,33.3,0.5,0.17,0.25,0.75,0.0,30.0,17.0,0.0,3.0,60.0,45.0,0.0,0.0,0.0
Mats Seuntjens,nl NED,"FW,MF",Fortuna Sittard,28-319,1992,21.0,18.0,1607.0,4.0,3.0,2.0,2.0,6.0,0.0,0.22,0.17,0.39,0.11,0.28,17.9,40.0,14.0,35.0,2.24,0.78,0.05,0.14,0.0,37.0,12.0,3.0,32.0,9.0,16.0,0.0,0.0,0.0
José Pascual Alba Seva,es ESP,MF,ADO Den Haag,20-334,2000,9.0,5.0,459.0,0.0,1.0,0.0,0.0,1.0,0.0,0.0,0.2,0.2,0.0,0.2,5.1,1.0,0.0,0.0,0.2,0.0,0.0,0.0,0.0,3.0,5.0,0.0,16.0,6.0,3.0,0.0,0.0,0.0
Meritan Shabani,al ALB,FW,VVV-Venlo,21-352,1999,2.0,1.0,99.0,0.0,0.0,0.0,0.0,0.0,0.0,0.0,0.0,0.0,0.0,0.0,1.1,1.0,1.0,100.0,0.91,0.91,0.0,0.0,0.0,3.0,1.0,0.0,0.0,0.0,1.0,0.0,0.0,0.0
Sekou Sidibe,be BEL,FW,Emmen,19-301,2001,3.0,0.0,40.0,0.0,0.0,0.0,0.0,0.0,0.0,0.0,0.0,0.0,0.0,0.0,0.4,1.0,0.0,0.0,2.25,0.0,0.0,0.0,0.0,0.0,1.0,0.0,2.0,2.0,1.0,0.0,0.0,0.0
Luis Sinisterra,co COL,FW,Feyenoord,21-258,1999,11.0,5.0,580.0,3.0,0.0,0.0,0.0,1.0,0.0,0.47,0.0,0.47,0.47,0.47,6.4,18.0,9.0,50.0,2.79,1.4,0.17,0.33,0.0,7.0,9.0,1.0,5.0,4.0,2.0,0.0,0.0,0.0
Kian Slor,nl NED,FW,Groningen,18-344,2002,4.0,0.0,49.0,0.0,0.0,0.0,0.0,0.0,0.0,0.0,0.0,0.0,0.0,0.0,0.5,1.0,1.0,100.0,1.84,1.84,0.0,0.0,0.0,0.0,2.0,0.0,1.0,0.0,0.0,0.0,0.0,0.0
Gijs Smal,nl NED,DF,Twente,23-183,1997,15.0,7.0,831.0,0.0,3.0,0.0,0.0,0.0,0.0,0.0,0.32,0.32,0.0,0.32,9.2,4.0,1.0,25.0,0.43,0.11,0.0,0.0,0.0,9.0,4.0,0.0,82.0,19.0,18.0,0.0,0.0,0.0
Bryan Smeets,nl NED,"MF,FW",Sparta R'dam,28-100,1992,17.0,13.0,866.0,1.0,1.0,0.0,0.0,1.0,0.0,0.1,0.1,0.21,0.1,0.21,9.6,16.0,4.0,25.0,1.66,0.42,0.06,0.25,0.0,6.0,2.0,2.0,41.0,7.0,4.0,0.0,0.0,0.0
Jorrit Smeets,nl NED,MF,Fortuna Sittard,25-342,1995,15.0,10.0,868.0,0.0,0.0,0.0,0.0,1.0,0.0,0.0,0.0,0.0,0.0,0.0,9.6,7.0,1.0,14.3,0.73,0.1,0.0,0.0,0.0,9.0,4.0,0.0,21.0,19.0,12.0,0.0,0.0,0.0
Ian Smeulers,nl NED,DF,Willem II,21-049,2000,2.0,0.0,25.0,0.0,0.0,0.0,0.0,0.0,0.0,0.0,0.0,0.0,0.0,0.0,0.3,0.0,0.0,0.0,0.0,0.0,0.0,0.0,0.0,0.0,0.0,0.0,0.0,1.0,0.0,0.0,0.0,0.0
Rein Smit,nl NED,FW,Heerenveen,20-056,2001,3.0,0.0,29.0,0.0,0.0,0.0,0.0,2.0,1.0,0.0,0.0,0.0,0.0,0.0,0.3,0.0,0.0,0.0,0.0,0.0,0.0,0.0,1.0,2.0,0.0,0.0,0.0,0.0,0.0,0.0,0.0,0.0
Sylla Sow,nl NED,FW,RKC Waalwijk,24-206,1996,19.0,7.0,720.0,0.0,1.0,0.0,0.0,2.0,0.0,0.0,0.12,0.12,0.0,0.12,8.0,7.0,1.0,14.3,0.87,0.12,0.0,0.0,0.0,14.0,22.0,3.0,11.0,4.0,11.0,0.0,0.0,0.0
Uroš Spajić,rs SRB,DF,Feyenoord,28-017,1993,15.0,15.0,1250.0,0.0,0.0,0.0,0.0,4.0,0.0,0.0,0.0,0.0,0.0,0.0,13.9,6.0,1.0,16.7,0.43,0.07,0.0,0.0,0.0,21.0,23.0,0.0,0.0,19.0,10.0,0.0,0.0,0.0
Wesley Spieringhs,nl NED,MF,Willem II,19-045,2002,13.0,8.0,737.0,0.0,0.0,0.0,0.0,1.0,0.0,0.0,0.0,0.0,0.0,0.0,8.2,4.0,1.0,25.0,0.49,0.12,0.0,0.0,0.0,12.0,4.0,0.0,0.0,17.0,11.0,0.0,0.0,0.0
Tommy St. Jago,nl NED,DF,Utrecht,21-058,2000,18.0,18.0,1575.0,0.0,0.0,0.0,0.0,2.0,0.0,0.0,0.0,0.0,0.0,0.0,17.5,9.0,1.0,11.1,0.51,0.06,0.0,0.0,0.0,16.0,11.0,0.0,1.0,21.0,30.0,0.0,0.0,0.0
Casper Staring,nl NED,MF,Twente,20-029,2001,2.0,0.0,34.0,0.0,0.0,0.0,0.0,0.0,0.0,0.0,0.0,0.0,0.0,0.0,0.4,0.0,0.0,0.0,0.0,0.0,0.0,0.0,0.0,2.0,0.0,0.0,0.0,2.0,1.0,0.0,0.0,0.0
Maarten Stekelenburg,nl NED,GK,Ajax,38-161,1982,3.0,3.0,270.0,0.0,0.0,0.0,0.0,0.0,0.0,0.0,0.0,0.0,0.0,0.0,3.0,0.0,0.0,0.0,0.0,0.0,0.0,0.0,0.0,0.0,0.0,0.0,0.0,0.0,0.0,0.0,0.0,0.0
Calvin Stengs,nl NED,"MF,FW",AZ Alkmaar,22-074,1998,21.0,21.0,1799.0,6.0,3.0,0.0,0.0,1.0,1.0,0.3,0.15,0.45,0.3,0.45,20.0,43.0,20.0,46.5,2.15,1.0,0.14,0.3,0.0,18.0,29.0,4.0,37.0,18.0,21.0,0.0,0.0,0.0
Finn Stokkers,nl NED,FW,RKC Waalwijk,24-318,1996,23.0,15.0,1288.0,5.0,0.0,0.0,0.0,0.0,0.0,0.35,0.0,0.35,0.35,0.35,14.3,29.0,17.0,58.6,2.03,1.19,0.17,0.29,0.0,18.0,20.0,14.0,7.0,3.0,6.0,0.0,0.0,0.0
Jørgen Strand Larsen,no NOR,FW,Groningen,21-024,2000,23.0,23.0,1866.0,9.0,5.0,0.0,0.0,1.0,0.0,0.43,0.24,0.68,0.43,0.68,20.7,45.0,21.0,46.7,2.17,1.01,0.2,0.43,0.0,30.0,28.0,10.0,10.0,6.0,4.0,0.0,0.0,0.0
Sander van de Streek,nl NED,"MF,FW",Utrecht,27-343,1993,22.0,18.0,1682.0,7.0,4.0,0.0,0.0,2.0,0.0,0.37,0.21,0.59,0.37,0.59,18.7,55.0,23.0,41.8,2.94,1.23,0.13,0.3,0.0,21.0,22.0,1.0,11.0,17.0,23.0,0.0,0.0,0.0
Rico Strieder,de GER,MF,Zwolle,28-239,1992,18.0,13.0,1034.0,0.0,0.0,0.0,0.0,0.0,0.0,0.0,0.0,0.0,0.0,0.0,11.5,5.0,0.0,0.0,0.44,0.0,0.0,0.0,0.0,8.0,12.0,0.0,22.0,31.0,17.0,0.0,0.0,0.0
Yukinari Sugawara,jp JPN,DF,AZ Alkmaar,20-247,2000,19.0,16.0,1468.0,2.0,1.0,0.0,0.0,1.0,0.0,0.12,0.06,0.18,0.12,0.18,16.3,13.0,4.0,30.8,0.8,0.25,0.15,0.5,0.0,11.0,7.0,0.0,30.0,27.0,22.0,0.0,0.0,0.0
Tomáš Suslov,sk SVK,"MF,FW",Groningen,18-268,2002,19.0,9.0,873.0,2.0,3.0,0.0,0.0,1.0,0.0,0.21,0.31,0.52,0.21,0.52,9.7,22.0,7.0,31.8,2.27,0.72,0.09,0.29,0.0,18.0,22.0,1.0,24.0,8.0,14.0,0.0,0.0,0.0
Jonas Svensson,no NOR,DF,AZ Alkmaar,27-361,1993,9.0,8.0,661.0,0.0,1.0,0.0,0.0,1.0,1.0,0.0,0.14,0.14,0.0,0.14,7.3,0.0,0.0,0.0,0.0,0.0,0.0,0.0,0.0,9.0,11.0,0.0,15.0,11.0,12.0,0.0,0.0,0.0
Arjan Swinkels,nl NED,DF,VVV-Venlo,36-138,1984,14.0,8.0,744.0,0.0,0.0,0.0,0.0,0.0,0.0,0.0,0.0,0.0,0.0,0.0,8.3,2.0,0.0,0.0,0.24,0.0,0.0,0.0,0.0,5.0,3.0,0.0,1.0,28.0,6.0,0.0,0.0,0.0
Moussa Sylla,fr FRA,FW,Utrecht,21-097,1999,15.0,4.0,517.0,0.0,1.0,0.0,0.0,0.0,0.0,0.0,0.17,0.17,0.0,0.17,5.7,13.0,4.0,30.8,2.26,0.7,0.0,0.0,0.0,6.0,8.0,2.0,24.0,4.0,6.0,0.0,0.0,0.0
Adrian Szöke,hu HUN,FW,Heracles Almelo,22-244,1998,17.0,7.0,620.0,1.0,0.0,0.0,0.0,1.0,1.0,0.15,0.0,0.15,0.15,0.15,6.9,15.0,5.0,33.3,2.18,0.73,0.07,0.2,0.0,17.0,12.0,2.0,0.0,3.0,5.0,0.0,0.0,0.0
Dušan Tadić,rs SRB,"FW,MF",Ajax,32-102,1988,23.0,21.0,1766.0,11.0,10.0,5.0,5.0,1.0,0.0,0.56,0.51,1.07,0.31,0.82,19.6,53.0,23.0,43.4,2.7,1.17,0.11,0.26,0.0,20.0,32.0,7.0,205.0,9.0,8.0,0.0,0.0,0.0
Nicolás Tagliafico,ar ARG,DF,Ajax,28-183,1992,17.0,17.0,1317.0,0.0,2.0,0.0,0.0,2.0,1.0,0.0,0.14,0.14,0.0,0.14,14.6,24.0,6.0,25.0,1.64,0.41,0.0,0.0,0.0,18.0,28.0,2.0,43.0,31.0,23.0,0.0,0.0,0.0
Anas Tahiri,be BEL,MF,RKC Waalwijk,25-291,1995,23.0,23.0,1974.0,1.0,2.0,1.0,1.0,1.0,0.0,0.05,0.09,0.14,0.0,0.09,21.9,22.0,9.0,40.9,1.0,0.41,0.0,0.0,0.0,14.0,25.0,2.0,49.0,29.0,16.0,0.0,0.0,0.0
Oussama Tannane,ma MAR,MF,Vitesse,26-344,1994,21.0,21.0,1702.0,5.0,5.0,1.0,1.0,6.0,1.0,0.26,0.26,0.53,0.21,0.48,18.9,90.0,27.0,30.0,4.76,1.43,0.04,0.15,1.0,35.0,71.0,1.0,149.0,6.0,14.0,0.0,0.0,0.0
Kenneth Taylor,nl NED,MF,Ajax,18-290,2002,2.0,0.0,73.0,0.0,0.0,0.0,0.0,0.0,0.0,0.0,0.0,0.0,0.0,0.0,0.8,1.0,0.0,0.0,1.23,0.0,0.0,0.0,0.0,1.0,4.0,0.0,1.0,1.0,3.0,0.0,0.0,0.0
Mike te Wierik,nl NED,DF,Groningen,28-267,1992,7.0,6.0,547.0,0.0,0.0,0.0,0.0,1.0,0.0,0.0,0.0,0.0,0.0,0.0,6.1,1.0,0.0,0.0,0.16,0.0,0.0,0.0,0.0,14.0,3.0,1.0,3.0,15.0,8.0,0.0,0.0,0.0
Slobodan Tedić,rs SRB,FW,Zwolle,20-323,2000,6.0,3.0,279.0,0.0,1.0,0.0,0.0,0.0,0.0,0.0,0.32,0.32,0.0,0.32,3.1,7.0,1.0,14.3,2.26,0.32,0.0,0.0,0.0,1.0,11.0,3.0,2.0,1.0,4.0,0.0,0.0,0.0
Tesfaldet Tekie,se SWE,MF,Fortuna Sittard,23-271,1997,23.0,22.0,1946.0,0.0,2.0,0.0,0.0,1.0,0.0,0.0,0.09,0.09,0.0,0.09,21.6,8.0,2.0,25.0,0.37,0.09,0.0,0.0,0.0,18.0,28.0,1.0,27.0,47.0,32.0,0.0,0.0,0.0
Dennis Telgenkamp,nl NED,GK,Emmen,33-297,1987,14.0,14.0,1260.0,0.0,0.0,0.0,0.0,0.0,0.0,0.0,0.0,0.0,0.0,0.0,14.0,0.0,0.0,0.0,0.0,0.0,0.0,0.0,0.0,0.0,0.0,0.0,0.0,1.0,0.0,0.0,0.0,0.0
Hidde ter Avest,nl NED,DF,Utrecht,23-286,1997,7.0,7.0,538.0,2.0,2.0,0.0,0.0,0.0,0.0,0.33,0.33,0.67,0.33,0.67,6.0,7.0,3.0,42.9,1.17,0.5,0.29,0.67,0.0,4.0,5.0,0.0,14.0,7.0,6.0,0.0,0.0,0.0
Jordan Teze,nl NED,DF,PSV Eindhoven,21-153,1999,23.0,22.0,1970.0,0.0,1.0,0.0,0.0,3.0,0.0,0.0,0.05,0.05,0.0,0.05,21.9,0.0,0.0,0.0,0.0,0.0,0.0,0.0,0.0,23.0,6.0,1.0,12.0,22.0,26.0,0.0,0.0,0.0
Ryan Thomas,nz NZL,MF,PSV Eindhoven,26-072,1994,16.0,11.0,897.0,1.0,2.0,0.0,0.0,0.0,0.0,0.1,0.2,0.3,0.1,0.3,10.0,8.0,2.0,25.0,0.8,0.2,0.13,0.5,0.0,6.0,9.0,4.0,30.0,22.0,13.0,0.0,0.0,0.0
Lennart Thy,de GER,FW,Sparta R'dam,29-005,1992,23.0,23.0,1826.0,9.0,3.0,3.0,3.0,0.0,0.0,0.44,0.15,0.59,0.3,0.44,20.3,48.0,21.0,43.8,2.37,1.04,0.13,0.29,0.0,12.0,28.0,8.0,9.0,4.0,5.0,0.0,0.0,0.0
Simon Tibbling,se SWE,MF,Emmen,26-176,1994,14.0,12.0,1032.0,0.0,0.0,0.0,0.0,4.0,1.0,0.0,0.0,0.0,0.0,0.0,11.5,5.0,3.0,60.0,0.44,0.26,0.0,0.0,1.0,16.0,15.0,1.0,7.0,11.0,6.0,0.0,0.0,0.0
Jurrien Timber,nl NED,DF,Ajax,19-258,2001,11.0,7.0,714.0,0.0,0.0,0.0,0.0,0.0,0.0,0.0,0.0,0.0,0.0,0.0,7.9,2.0,0.0,0.0,0.25,0.0,0.0,0.0,0.0,5.0,5.0,0.0,1.0,12.0,8.0,0.0,0.0,0.0
Mickaël Tirpan,be BEL,DF,Fortuna Sittard,27-130,1993,8.0,7.0,632.0,1.0,0.0,0.0,0.0,0.0,0.0,0.14,0.0,0.14,0.14,0.14,7.0,3.0,2.0,66.7,0.43,0.28,0.33,0.5,0.0,5.0,14.0,0.0,13.0,20.0,7.0,0.0,0.0,0.0
Jens Toornstra,nl NED,MF,Feyenoord,31-332,1989,22.0,21.0,1880.0,5.0,2.0,0.0,0.0,3.0,0.0,0.24,0.1,0.34,0.24,0.34,20.9,40.0,17.0,42.5,1.91,0.81,0.13,0.29,0.0,10.0,7.0,3.0,34.0,26.0,18.0,0.0,0.0,0.0
Ahmed Touba,be BEL,DF,RKC Waalwijk,22-355,1998,23.0,23.0,2066.0,3.0,0.0,0.0,0.0,3.0,0.0,0.13,0.0,0.13,0.13,0.13,23.0,18.0,8.0,44.4,0.78,0.35,0.17,0.38,0.0,26.0,19.0,0.0,4.0,49.0,16.0,0.0,0.0,0.0
Idrissa Touré,de GER,"MF,DF",Vitesse,22-307,1998,15.0,4.0,473.0,0.0,0.0,0.0,0.0,2.0,1.0,0.0,0.0,0.0,0.0,0.0,5.3,7.0,1.0,14.3,1.33,0.19,0.0,0.0,0.0,15.0,2.0,1.0,1.0,12.0,10.0,0.0,0.0,0.0
Sondre Tronstad,no NOR,MF,Vitesse,25-188,1995,14.0,13.0,1032.0,1.0,1.0,0.0,0.0,3.0,0.0,0.09,0.09,0.17,0.09,0.17,11.5,6.0,2.0,33.3,0.52,0.17,0.17,0.5,0.0,15.0,12.0,0.0,0.0,26.0,22.0,0.0,0.0,0.0
Giovanni Troupée,nl NED,DF,Utrecht,22-347,1998,4.0,1.0,181.0,0.0,0.0,0.0,0.0,0.0,0.0,0.0,0.0,0.0,0.0,0.0,2.0,1.0,0.0,0.0,0.5,0.0,0.0,0.0,0.0,0.0,2.0,0.0,5.0,4.0,4.0,0.0,0.0,0.0
Lars Unnerstall,de GER,GK,PSV Eindhoven,30-225,1990,1.0,1.0,90.0,0.0,0.0,0.0,0.0,0.0,0.0,0.0,0.0,0.0,0.0,0.0,1.0,0.0,0.0,0.0,0.0,0.0,0.0,0.0,0.0,0.0,0.0,0.0,0.0,0.0,0.0,0.0,0.0,0.0
Dario Van den Buijs,be BEL,DF,Fortuna Sittard,25-171,1995,4.0,0.0,27.0,0.0,0.0,0.0,0.0,0.0,0.0,0.0,0.0,0.0,0.0,0.0,0.3,0.0,0.0,0.0,0.0,0.0,0.0,0.0,0.0,1.0,0.0,0.0,0.0,0.0,0.0,0.0,0.0,0.0
Keziah Veendorp,nl NED,"MF,DF",Emmen,24-013,1997,17.0,11.0,1036.0,0.0,0.0,0.0,0.0,3.0,0.0,0.0,0.0,0.0,0.0,0.0,11.5,3.0,0.0,0.0,0.26,0.0,0.0,0.0,0.0,11.0,1.0,0.0,2.0,12.0,14.0,0.0,0.0,0.0
Henk Veerman,nl NED,FW,Heerenveen,27-245,1993,24.0,23.0,2071.0,12.0,4.0,0.0,0.0,3.0,0.0,0.52,0.17,0.7,0.52,0.7,23.0,69.0,27.0,39.1,3.0,1.17,0.17,0.44,0.0,19.0,10.0,23.0,4.0,3.0,5.0,0.0,0.0,0.0
Joey Veerman,nl NED,MF,Heerenveen,22-103,1998,23.0,23.0,2048.0,5.0,7.0,2.0,3.0,2.0,0.0,0.22,0.31,0.53,0.13,0.44,22.8,49.0,17.0,34.7,2.15,0.75,0.06,0.18,0.0,16.0,35.0,0.0,89.0,34.0,23.0,0.0,0.0,0.0
Marko Vejinović,nl NED,MF,ADO Den Haag,31-027,1990,9.0,9.0,785.0,0.0,0.0,0.0,0.0,1.0,0.0,0.0,0.0,0.0,0.0,0.0,8.7,10.0,2.0,20.0,1.15,0.23,0.0,0.0,0.0,11.0,6.0,1.0,30.0,14.0,12.0,0.0,0.0,0.0
Piet Velthuizen,nl NED,GK,Fortuna Sittard,34-119,1986,1.0,1.0,22.0,0.0,0.0,0.0,0.0,0.0,0.0,0.0,0.0,0.0,0.0,0.0,0.2,0.0,0.0,0.0,0.0,0.0,0.0,0.0,0.0,0.0,0.0,0.0,0.0,0.0,0.0,0.0,0.0,0.0
Dylan Vente,nl NED,FW,Feyenoord,21-297,1999,1.0,0.0,13.0,0.0,0.0,0.0,0.0,0.0,0.0,0.0,0.0,0.0,0.0,0.0,0.1,1.0,1.0,100.0,6.92,6.92,0.0,0.0,0.0,0.0,0.0,0.0,0.0,0.0,0.0,0.0,0.0,0.0
Hobie Verhulst,nl NED,GK,AZ Alkmaar,27-334,1993,2.0,1.0,94.0,0.0,0.0,0.0,0.0,0.0,0.0,0.0,0.0,0.0,0.0,0.0,1.0,0.0,0.0,0.0,0.0,0.0,0.0,0.0,0.0,0.0,0.0,0.0,0.0,0.0,0.0,0.0,0.0,0.0
Thibaud Verlinden,be BEL,MF,Fortuna Sittard,21-236,1999,2.0,0.0,15.0,0.0,0.0,0.0,0.0,0.0,0.0,0.0,0.0,0.0,0.0,0.0,0.2,0.0,0.0,0.0,0.0,0.0,0.0,0.0,0.0,0.0,0.0,0.0,1.0,0.0,0.0,0.0,0.0,0.0
Michael Verrips,nl NED,GK,Emmen,24-089,1996,4.0,4.0,360.0,0.0,0.0,0.0,0.0,0.0,0.0,0.0,0.0,0.0,0.0,0.0,4.0,0.0,0.0,0.0,0.0,0.0,0.0,0.0,0.0,0.0,0.0,0.0,0.0,0.0,0.0,0.0,0.0,0.0
Yorbe Vertessen,be BEL,"MF,FW",PSV Eindhoven,20-053,2001,6.0,2.0,178.0,0.0,1.0,0.0,0.0,0.0,0.0,0.0,0.51,0.51,0.0,0.51,2.0,10.0,6.0,60.0,5.06,3.03,0.0,0.0,0.0,2.0,3.0,0.0,0.0,1.0,0.0,0.0,0.0,0.0
Nick Viergever,nl NED,DF,PSV Eindhoven,31-211,1989,7.0,5.0,461.0,0.0,0.0,0.0,0.0,0.0,0.0,0.0,0.0,0.0,0.0,0.0,5.1,1.0,0.0,0.0,0.2,0.0,0.0,0.0,0.0,7.0,3.0,0.0,2.0,14.0,6.0,0.0,0.0,0.0
Jari Vlak,nl NED,MF,Emmen,22-199,1998,8.0,6.0,560.0,1.0,1.0,0.0,0.0,1.0,0.0,0.16,0.16,0.32,0.16,0.32,6.2,9.0,1.0,11.1,1.45,0.16,0.11,1.0,0.0,9.0,5.0,0.0,2.0,12.0,11.0,0.0,0.0,0.0
Rai Vloet,nl NED,"MF,FW",Heracles Almelo,25-298,1995,24.0,24.0,2013.0,10.0,4.0,2.0,3.0,3.0,0.0,0.45,0.18,0.63,0.36,0.54,22.4,45.0,19.0,42.2,2.01,0.85,0.18,0.42,0.0,23.0,36.0,4.0,50.0,11.0,21.0,0.0,0.0,0.0
Robbert de Vos,nl NED,MF,Emmen,24-280,1996,7.0,3.0,314.0,1.0,0.0,0.0,0.0,0.0,0.0,0.29,0.0,0.29,0.29,0.29,3.5,6.0,4.0,66.7,1.72,1.15,0.17,0.25,0.0,7.0,0.0,2.0,2.0,0.0,7.0,0.0,0.0,0.0
Bart Vriends,nl NED,DF,Sparta R'dam,29-297,1991,16.0,16.0,1389.0,0.0,0.0,0.0,0.0,1.0,0.0,0.0,0.0,0.0,0.0,0.0,15.4,9.0,1.0,11.1,0.58,0.06,0.0,0.0,0.0,21.0,4.0,0.0,0.0,37.0,21.0,0.0,0.0,0.0
Patrick Vroegh,nl NED,MF,Vitesse,21-093,1999,11.0,2.0,367.0,2.0,0.0,0.0,0.0,1.0,0.0,0.49,0.0,0.49,0.49,0.49,4.1,8.0,5.0,62.5,1.96,1.23,0.25,0.4,0.0,5.0,3.0,0.0,10.0,5.0,6.0,0.0,0.0,0.0
Django Warmerdam,nl NED,DF,Utrecht,25-181,1995,23.0,23.0,2070.0,0.0,1.0,0.0,0.0,0.0,0.0,0.0,0.04,0.04,0.0,0.04,23.0,9.0,0.0,0.0,0.39,0.0,0.0,0.0,0.0,12.0,8.0,5.0,62.0,33.0,39.0,0.0,0.0,1.0
Jordy Wehrmann,nl NED,MF,Feyenoord,21-342,1999,7.0,1.0,132.0,0.0,0.0,0.0,0.0,1.0,0.0,0.0,0.0,0.0,0.0,0.0,1.5,0.0,0.0,0.0,0.0,0.0,0.0,0.0,0.0,1.0,1.0,0.0,1.0,2.0,1.0,0.0,0.0,0.0
Sai van Wermeskerken,jp JPN,DF,Zwolle,26-247,1994,22.0,22.0,1974.0,0.0,3.0,0.0,0.0,0.0,0.0,0.0,0.14,0.14,0.0,0.14,21.9,26.0,8.0,30.8,1.19,0.36,0.0,0.0,0.0,21.0,15.0,0.0,61.0,25.0,31.0,0.0,0.0,0.0
Felix Wiedwald,de GER,GK,Emmen,30-352,1990,6.0,6.0,540.0,0.0,0.0,0.0,0.0,1.0,0.0,0.0,0.0,0.0,0.0,0.0,6.0,0.0,0.0,0.0,0.0,0.0,0.0,0.0,0.0,1.0,1.0,0.0,0.0,0.0,0.0,0.0,0.0,0.0
Owen Wijndal,nl NED,DF,AZ Alkmaar,21-094,1999,24.0,24.0,2160.0,0.0,4.0,0.0,0.0,4.0,0.0,0.0,0.17,0.17,0.0,0.17,24.0,25.0,10.0,40.0,1.04,0.42,0.0,0.0,0.0,13.0,29.0,2.0,75.0,48.0,21.0,0.0,0.0,0.0
Dani de Wit,nl NED,"MF,FW",AZ Alkmaar,23-033,1998,12.0,10.0,922.0,3.0,3.0,0.0,0.0,3.0,0.0,0.29,0.29,0.59,0.29,0.59,10.2,25.0,7.0,28.0,2.44,0.68,0.12,0.43,0.0,30.0,26.0,2.0,1.0,6.0,9.0,0.0,0.0,0.0
Maximilian Wittek,de GER,"DF,MF",Vitesse,25-193,1995,23.0,23.0,2020.0,0.0,2.0,0.0,0.0,3.0,0.0,0.0,0.09,0.09,0.0,0.09,22.4,28.0,7.0,25.0,1.25,0.31,0.0,0.0,0.0,23.0,30.0,2.0,57.0,34.0,49.0,0.0,0.0,0.0
Lucas Woudenberg,nl NED,DF,Heerenveen,26-311,1994,20.0,18.0,1646.0,1.0,0.0,0.0,0.0,2.0,0.0,0.05,0.0,0.05,0.05,0.05,18.3,4.0,3.0,75.0,0.22,0.16,0.25,0.33,0.0,39.0,10.0,0.0,33.0,37.0,35.0,0.0,0.0,1.0
Luuk Wouters,nl NED,DF,RKC Waalwijk,21-267,1999,11.0,9.0,807.0,0.0,0.0,0.0,0.0,0.0,1.0,0.0,0.0,0.0,0.0,0.0,9.0,3.0,0.0,0.0,0.33,0.0,0.0,0.0,0.0,5.0,5.0,0.0,17.0,16.0,13.0,0.0,0.0,0.0
John Yeboah,de GER,FW,Willem II,20-252,2000,9.0,1.0,312.0,1.0,0.0,0.0,0.0,0.0,0.0,0.29,0.0,0.29,0.29,0.29,3.5,7.0,2.0,28.6,2.02,0.58,0.14,0.5,0.0,4.0,4.0,0.0,2.0,3.0,6.0,0.0,0.0,0.0
Eran Zahavi,il ISR,FW,PSV Eindhoven,33-220,1987,16.0,15.0,1249.0,7.0,3.0,1.0,2.0,2.0,0.0,0.5,0.22,0.72,0.43,0.65,13.9,61.0,27.0,44.3,4.4,1.95,0.1,0.22,0.0,12.0,12.0,7.0,4.0,6.0,8.0,0.0,0.0,0.0
Ramiz Zerrouki,nl NED,MF,Twente,22-280,1998,21.0,13.0,1129.0,0.0,1.0,0.0,0.0,3.0,0.0,0.0,0.08,0.08,0.0,0.08,12.5,3.0,1.0,33.3,0.24,0.08,0.0,0.0,0.0,25.0,11.0,0.0,3.0,36.0,22.0,0.0,0.0,0.0
Michael Zetterer,de GER,GK,Zwolle,25-233,1995,19.0,19.0,1710.0,0.0,0.0,0.0,0.0,0.0,0.0,0.0,0.0,0.0,0.0,0.0,19.0,0.0,0.0,0.0,0.0,0.0,0.0,0.0,0.0,0.0,0.0,0.0,0.0,1.0,1.0,0.0,0.0,0.0
Rick Zuijderwijk,nl NED,MF,Willem II,19-323,2001,1.0,0.0,8.0,0.0,0.0,0.0,0.0,0.0,0.0,0.0,0.0,0.0,0.0,0.0,0.1,0.0,0.0,0.0,0.0,0.0,0.0,0.0,0.0,0.0,0.0,0.0,0.0,0.0,1.0,0.0,0.0,0.0
Gianni Zuiverloon,nl NED,DF,ADO Den Haag,34-062,1986,2.0,1.0,102.0,0.0,0.0,0.0,0.0,0.0,0.0,0.0,0.0,0.0,0.0,0.0,1.1,2.0,0.0,0.0,1.76,0.0,0.0,0.0,0.0,0.0,0.0,0.0,0.0,2.0,3.0,0.0,0.0,0.0
Dario Đumić,ba BIH,DF,Twente,29-031,1992,15.0,10.0,918.0,1.0,0.0,0.0,0.0,0.0,0.0,0.1,0.0,0.1,0.1,0.1,10.2,4.0,1.0,25.0,0.39,0.1,0.25,1.0,0.0,10.0,6.0,1.0,0.0,9.0,9.0,0.0,0.0,0.0
